ticker,company,fiscal_quarter,report_date,time,status,notes
AAOI,Applied Optoelectronics,Q1 2026,2026-05-07,AMC,reported,Q1 2026 — 营收$151M +51% YoY 第四连续季度纪录；数据中心需求驱动
AAOI,Applied Optoelectronics,Q2 2026,2026-07-30,AMC,confirmed,Q2 2026 — 营收指引 $180-198M
AAPL,Apple,Q1 FY2026,2026-01-29,AMC,reported,Q1 FY2026 — 12月季度
AAPL,Apple,Q2 FY2026,2026-04-30,AMC,reported,Q2 FY2026 — 3月季度
AAPL,Apple,Q3 FY2026,2026-07-31,AMC,estimated,Q3 FY2026 — 6月季度
AAPL,Apple,Q4 FY2026,2026-10-29,AMC,estimated,Q4 FY2026 — 9月季度
AMAT,Applied Materials,Q2 FY2026,2026-05-14,AMC,reported,Q2 FY2026 — 4月季度
AMAT,Applied Materials,Q3 FY2026,2026-08-13,AMC,estimated,Q3 FY2026
AMD,Advanced Micro Devices,Q1 2026,2026-05-05,AMC,reported,Q1 2026 日历季度
AMD,Advanced Micro Devices,Q2 2026,2026-08-04,AMC,estimated,Q2 2026 日历季度
AMD,Advanced Micro Devices,Q3 2026,2026-10-27,AMC,estimated,Q3 2026 日历季度
AMZN,Amazon,Q1 2026,2026-05-01,AMC,reported,Q1 2026 日历季度
AMZN,Amazon,Q2 2026,2026-07-30,AMC,estimated,Q2 2026 日历季度
AMZN,Amazon,Q3 2026,2026-10-29,AMC,estimated,Q3 2026 日历季度
ANET,Arista Networks,Q1 2026,2026-04-29,AMC,reported,Q1 2026 日历季度
ANET,Arista Networks,Q2 2026,2026-07-28,AMC,estimated,Q2 2026 日历季度
APO,Apollo Global Management,Q1 2026,2026-05-02,AMC,reported,Q1 2026 日历季度
APO,Apollo Global Management,Q2 2026,2026-07-31,AMC,estimated,Q2 2026 日历季度
APP,AppLovin,Q1 2026,2026-05-07,AMC,reported,Q1 2026 日历季度
APP,AppLovin,Q2 2026,2026-08-06,AMC,estimated,Q2 2026 日历季度
ARM,ARM Holdings,Q4 FY2026,2026-05-07,AMC,reported,Q4 FY2026 — 3月季度；授权费+版税创纪录
ARM,ARM Holdings,Q1 FY2027,2026-07-29,AMC,confirmed,Q1 FY2027 — 6月季度；AI芯片授权持续扩张
ASML,ASML Holding,Q1 2026,2026-04-16,BMO,reported,Q1 2026 日历季度；EUV订单关键
ASML,ASML Holding,Q2 2026,2026-07-15,BMO,estimated,Q2 2026 日历季度
AVGO,Broadcom,Q2 FY2026,2026-06-03,AMC,confirmed,Q2 FY2026 — 4月季度；含AI ASIC收入
AVGO,Broadcom,Q3 FY2026,2026-09-03,AMC,estimated,Q3 FY2026
AVGO,Broadcom,Q4 FY2026,2026-12-09,AMC,estimated,Q4 FY2026
AXTI,AXT Inc,Q1 2026,2026-04-30,AMC,reported,Q1 2026 — 磷化铟需求强劲；AI数据中心光互连材料
AXTI,AXT Inc,Q2 2026,2026-07-30,AMC,estimated,Q2 2026 — 磷化铟历史最高季度预期
BAC,Bank of America,Q1 2026,2026-04-15,BMO,reported,Q1 2026 日历季度
BAC,Bank of America,Q2 2026,2026-07-14,BMO,estimated,Q2 2026 日历季度
BAC,Bank of America,Q3 2026,2026-10-13,BMO,estimated,Q3 2026 日历季度
BLK,BlackRock,Q1 2026,2026-04-11,BMO,reported,Q1 2026 日历季度
BLK,BlackRock,Q2 2026,2026-07-11,BMO,estimated,Q2 2026 日历季度
BX,Blackstone,Q1 2026,2026-04-17,BMO,reported,Q1 2026 日历季度
BX,Blackstone,Q2 2026,2026-07-16,AMC,estimated,Q2 2026 日历季度
CEG,Constellation Energy,Q1 2026,2026-05-07,AMC,reported,Q1 2026 日历季度；核电PPA
CEG,Constellation Energy,Q2 2026,2026-08-05,AMC,estimated,Q2 2026 日历季度
COHR,Coherent Corp,Q3 FY2026,2026-05-06,AMC,reported,Q3 FY2026 — 3月季度；800G受益
COHR,Coherent Corp,Q4 FY2026,2026-08-05,AMC,estimated,Q4 FY2026
CRM,Salesforce,Q1 FY2027,2026-05-27,AMC,reported,Q1 FY2027 — AI Agent收入加速
CRM,Salesforce,Q2 FY2027,2026-08-26,AMC,estimated,Q2 FY2027
CSCO,Cisco Systems,Q3 FY2026,2026-05-13,AMC,reported,Q3 FY2026 — 4月季度
CSCO,Cisco Systems,Q4 FY2026,2026-08-12,AMC,estimated,Q4 FY2026
CVX,Chevron,Q1 2026,2026-05-02,BMO,reported,Q1 2026 日历季度
CVX,Chevron,Q2 2026,2026-08-01,BMO,estimated,Q2 2026 日历季度
DELL,Dell Technologies,Q1 FY2027,2026-05-28,AMC,reported,Q1 FY2027 — 营收$43.8B +88% YoY 创纪录；AI服务器$16.1B +757%
DELL,Dell Technologies,Q2 FY2027,2026-09-03,BMO,confirmed,Q2 FY2027 — 7月季度
DLR,Digital Realty,Q1 2026,2026-04-24,AMC,reported,Q1 2026 日历季度
DLR,Digital Realty,Q2 2026,2026-07-23,AMC,estimated,Q2 2026 日历季度
EQIX,Equinix,Q1 2026,2026-04-29,AMC,reported,Q1 2026 日历季度；数据中心REIT
EQIX,Equinix,Q2 2026,2026-07-30,AMC,estimated,Q2 2026 日历季度
ETN,Eaton Corporation,Q1 2026,2026-04-29,BMO,reported,Q1 2026 日历季度
ETN,Eaton Corporation,Q2 2026,2026-07-28,BMO,estimated,Q2 2026 日历季度
GEV,GE Vernova,Q1 2026,2026-04-23,BMO,reported,Q1 2026 日历季度；$200B+ backlog
GEV,GE Vernova,Q2 2026,2026-07-22,BMO,estimated,Q2 2026 日历季度
GOOGL,Alphabet,Q1 2026,2026-04-29,AMC,reported,Q1 2026 日历季度
GOOGL,Alphabet,Q2 2026,2026-07-23,AMC,estimated,Q2 2026 日历季度
GOOGL,Alphabet,Q3 2026,2026-10-27,AMC,estimated,Q3 2026 日历季度
GS,Goldman Sachs,Q1 2026,2026-04-14,BMO,reported,Q1 2026 日历季度
GS,Goldman Sachs,Q2 2026,2026-07-15,BMO,estimated,Q2 2026 日历季度
GS,Goldman Sachs,Q3 2026,2026-10-13,BMO,estimated,Q3 2026 日历季度
HPE,HP Enterprise,Q2 FY2026,2026-05-27,AMC,reported,Q2 FY2026 — 4月季度
HPE,HP Enterprise,Q3 FY2026,2026-08-26,AMC,estimated,Q3 FY2026
IBM,IBM,Q1 2026,2026-04-22,AMC,reported,Q1 2026 — 营收$15.9B 超预期；混合云+AI Watson加速
IBM,IBM,Q2 2026,2026-07-22,AMC,confirmed,Q2 2026 — 日历季度
INTC,Intel,Q1 2026,2026-04-24,AMC,reported,Q1 2026 日历季度
INTC,Intel,Q2 2026,2026-07-23,AMC,estimated,Q2 2026 日历季度
JPM,JPMorgan Chase,Q1 2026,2026-04-11,BMO,reported,Q1 2026 日历季度
JPM,JPMorgan Chase,Q2 2026,2026-07-14,BMO,confirmed,Q2 2026 日历季度
JPM,JPMorgan Chase,Q3 2026,2026-10-09,BMO,estimated,Q3 2026 日历季度
KKR,KKR & Co,Q1 2026,2026-05-01,AMC,reported,Q1 2026 日历季度
KKR,KKR & Co,Q2 2026,2026-07-30,AMC,estimated,Q2 2026 日历季度
KLAC,KLA Corporation,Q3 FY2026,2026-05-06,AMC,reported,Q3 FY2026 — 3月季度
KLAC,KLA Corporation,Q4 FY2026,2026-08-05,AMC,estimated,Q4 FY2026
LITE,Lumentum,Q3 FY2026,2026-05-07,AMC,reported,Q3 FY2026 — 3月季度
LITE,Lumentum,Q4 FY2026,2026-08-12,AMC,estimated,Q4 FY2026
LRCX,Lam Research,Q3 FY2026,2026-04-22,AMC,reported,Q3 FY2026 — 3月季度
LRCX,Lam Research,Q4 FY2026,2026-07-22,AMC,estimated,Q4 FY2026
META,Meta Platforms,Q1 2026,2026-04-23,AMC,reported,Q1 2026 日历季度
META,Meta Platforms,Q2 2026,2026-07-29,AMC,estimated,Q2 2026 日历季度
META,Meta Platforms,Q3 2026,2026-10-22,AMC,estimated,Q3 2026 日历季度
MRVL,Marvell Technology,Q1 FY2027,2026-05-27,AMC,reported,Q1 FY2027 — 营收 +27.6% YoY；数据中心占比76%
MRVL,Marvell Technology,Q2 FY2027,2026-08-27,AMC,estimated,Q2 FY2027
MS,Morgan Stanley,Q1 2026,2026-04-15,BMO,reported,Q1 2026 日历季度
MS,Morgan Stanley,Q2 2026,2026-07-15,BMO,estimated,Q2 2026 日历季度
MS,Morgan Stanley,Q3 2026,2026-10-14,BMO,estimated,Q3 2026 日历季度
MSFT,Microsoft,Q3 FY2026,2026-04-29,AMC,reported,Q3 FY2026 — 3月季度
MSFT,Microsoft,Q4 FY2026,2026-07-29,AMC,estimated,Q4 FY2026 — 6月季度
MSFT,Microsoft,Q1 FY2027,2026-10-28,AMC,estimated,Q1 FY2027 — 9月季度
MU,Micron Technology,Q3 FY2026,2026-06-24,AMC,estimated,Q3 FY2026 — 5月季度；HBM需求
MU,Micron Technology,Q4 FY2026,2026-09-24,AMC,estimated,Q4 FY2026
NOW,ServiceNow,Q1 2026,2026-04-23,AMC,reported,Q1 2026 日历季度
NOW,ServiceNow,Q2 2026,2026-07-22,AMC,estimated,Q2 2026 日历季度
NVDA,NVIDIA,Q4 FY2026,2026-02-26,AMC,reported,Q4 FY2026 — 1月季度；营收创纪录
NVDA,NVIDIA,Q1 FY2027,2026-05-20,AMC,reported,Q1 FY2027 — 营收$44B +69% YoY；数据中心$39.1B 创纪录
NVDA,NVIDIA,Q2 FY2027,2026-08-27,AMC,estimated,Q2 FY2027 — 7月季度
NVDA,NVIDIA,Q3 FY2027,2026-11-19,AMC,estimated,Q3 FY2027 — 10月季度
ORCL,Oracle,Q3 FY2026,2026-03-10,AMC,reported,Q3 FY2026 — 2月季度；云增长
ORCL,Oracle,Q4 FY2026,2026-06-10,AMC,estimated,Q4 FY2026 — 5月季度
ORCL,Oracle,Q1 FY2027,2026-09-09,AMC,estimated,Q1 FY2027
PLTR,Palantir Technologies,Q1 2026,2026-05-05,AMC,reported,Q1 2026 日历季度
PLTR,Palantir Technologies,Q2 2026,2026-08-04,AMC,estimated,Q2 2026 日历季度
PWR,Quanta Services,Q1 2026,2026-05-01,AMC,reported,Q1 2026 日历季度
PWR,Quanta Services,Q2 2026,2026-07-30,AMC,estimated,Q2 2026 日历季度
QCOM,Qualcomm,Q2 FY2026,2026-04-23,AMC,reported,Q2 FY2026 — 3月季度
QCOM,Qualcomm,Q3 FY2026,2026-07-22,AMC,estimated,Q3 FY2026
SMCI,Super Micro Computer,Q3 FY2026,2026-05-06,AMC,reported,Q3 FY2026 — 3月季度；AI服务器
SMCI,Super Micro Computer,Q4 FY2026,2026-08-05,AMC,estimated,Q4 FY2026
SNDK,SanDisk,Q2 FY2026,2026-01-29,AMC,reported,Q2 FY2026 — 营收$3.03B +31% QoQ；独立上市后首季强劲
SNDK,SanDisk,Q3 FY2026,2026-04-30,AMC,reported,Q3 FY2026 — 营收$5.95B +97% QoQ；NAND需求超强
SNDK,SanDisk,Q4 FY2026,2026-07-30,AMC,estimated,Q4 FY2026 — 6月季度；NAND周期峰值观察
TSLA,Tesla,Q1 2026,2026-04-22,AMC,reported,Q1 2026 日历季度
TSLA,Tesla,Q2 2026,2026-07-22,AMC,estimated,Q2 2026 日历季度
TSLA,Tesla,Q3 2026,2026-10-20,AMC,estimated,Q3 2026 日历季度
VECO,Veeco Instruments,Q2 2026,2026-08-04,AMC,estimated,Q2 2026 · 半导体制程设备（MOCVD/离子束/激光退火）· 日期估算
VECO,Veeco Instruments,Q3 2026,2026-11-03,AMC,estimated,Q3 2026 · 半导体制程设备 · 日期估算
VRT,Vertiv Holdings,Q1 2026,2026-04-23,BMO,reported,Q1 2026 日历季度；散热backlog
VRT,Vertiv Holdings,Q2 2026,2026-07-22,BMO,estimated,Q2 2026 日历季度
VST,Vistra Corp,Q1 2026,2026-05-07,AMC,reported,Q1 2026 日历季度
VST,Vistra Corp,Q2 2026,2026-08-05,AMC,estimated,Q2 2026 日历季度
XOM,Exxon Mobil,Q1 2026,2026-04-25,BMO,reported,Q1 2026 日历季度
XOM,Exxon Mobil,Q2 2026,2026-07-31,BMO,estimated,Q2 2026 日历季度
