category,institution,quarter,quarter_end_date,stock_ticker,stock_company,action,value_change_usd_mn,pct_change,notes,timing_known
Core Smart Money,Berkshire Hathaway,Q1 2026,2026-03-31,GOOGL,Alphabet A,Added,10014.2,204.0,EDGAR 13F 自动生成，待人工复核,披露日: 2026-05-15
Core Smart Money,Berkshire Hathaway,Q1 2026,2026-03-31,BAC,Bank of America,Reduced,-3412.1,-0.7,EDGAR 13F 自动生成，待人工复核,披露日: 2026-05-15
Core Smart Money,Berkshire Hathaway,Q1 2026,2026-03-31,V,Visa,Exited,-2910.0,-100,EDGAR 13F 自动生成，待人工复核,披露日: 2026-05-15
Core Smart Money,Berkshire Hathaway,Q1 2026,2026-03-31,DELTA AIR LINES INC,Delta Air Lines Inc,New Position,2646.5,,EDGAR 13F 自动生成，待人工复核,披露日: 2026-05-15
Core Smart Money,Berkshire Hathaway,Q1 2026,2026-03-31,CVX,Chevron,Reduced,-2379.8,-35.2,EDGAR 13F 自动生成，待人工复核,披露日: 2026-05-15
Core Smart Money,Berkshire Hathaway,Q1 2026,2026-03-31,MA,Mastercard,Exited,-2275.9,-100,EDGAR 13F 自动生成，待人工复核,披露日: 2026-05-15
Core Smart Money,Berkshire Hathaway,Q1 2026,2026-03-31,CONSTELLATION BRANDS INC,Constellation Brands Inc,Reduced,-1698.5,-95.1,EDGAR 13F 自动生成，待人工复核,披露日: 2026-05-15
Core Smart Money,Berkshire Hathaway,Q1 2026,2026-03-31,UNH,UnitedHealth,Exited,-1663.6,-100,EDGAR 13F 自动生成，待人工复核,披露日: 2026-05-15
Core Smart Money,Berkshire Hathaway,Q1 2026,2026-03-31,DOMINOS PIZZA INC,Dominos Pizza Inc,Exited,-1396.3,-100,EDGAR 13F 自动生成，待人工复核,披露日: 2026-05-15
Core Smart Money,Berkshire Hathaway,Q1 2026,2026-03-31,AON PLC,Aon Plc,Exited,-1271.4,-100,EDGAR 13F 自动生成，待人工复核,披露日: 2026-05-15
Core Smart Money,Berkshire Hathaway,Q1 2026,2026-03-31,GOOG,Alphabet C,New Position,1028.5,,EDGAR 13F 自动生成，待人工复核,披露日: 2026-05-15
Core Smart Money,Berkshire Hathaway,Q1 2026,2026-03-31,DAVITA INC,Davita Inc,Reduced,1018.0,-5.2,EDGAR 13F 自动生成，待人工复核,披露日: 2026-05-15
Core Smart Money,Berkshire Hathaway,Q1 2026,2026-03-31,NEW YORK TIMES CO MTN BE,New York Times Co Mtn Be,Added,916.6,199.0,EDGAR 13F 自动生成，待人工复核,披露日: 2026-05-15
Core Smart Money,Berkshire Hathaway,Q1 2026,2026-03-31,POOL CORP,Pool Corp,Exited,-702.0,-100,EDGAR 13F 自动生成，待人工复核,披露日: 2026-05-15
Core Smart Money,Berkshire Hathaway,Q1 2026,2026-03-31,AMZN,Amazon,Exited,-525.3,-100,EDGAR 13F 自动生成，待人工复核,披露日: 2026-05-15
Core Smart Money,Berkshire Hathaway,Q1 2026,2026-03-31,NUCOR CORP,Nucor Corp,Reduced,-384.5,-39.0,EDGAR 13F 自动生成，待人工复核,披露日: 2026-05-15
Core Smart Money,Berkshire Hathaway,Q1 2026,2026-03-31,HEICO CORP NEW,Heico Corp New,Exited,-326.8,-100,EDGAR 13F 自动生成，待人工复核,披露日: 2026-05-15
Core Smart Money,Berkshire Hathaway,Q1 2026,2026-03-31,LIBERTY MEDIA CORP DEL,Liberty Media Corp Del,Exited,-297.4,-100,EDGAR 13F 自动生成，待人工复核,披露日: 2026-05-15
Core Smart Money,Berkshire Hathaway,Q1 2026,2026-03-31,CHARTER COMMUNICATIONS I,Charter Communications Inc N,Exited,-221.5,-100,EDGAR 13F 自动生成，待人工复核,披露日: 2026-05-15
Core Smart Money,Berkshire Hathaway,Q1 2026,2026-03-31,LENNAR CORP,Lennar Corp,Added,152.2,43.2,EDGAR 13F 自动生成，待人工复核,披露日: 2026-05-15
Core Smart Money,Berkshire Hathaway,Q1 2026,2026-03-31,LAMAR ADVERTISING CO NEW,Lamar Advertising Co New,Exited,-152.2,-100,EDGAR 13F 自动生成，待人工复核,披露日: 2026-05-15
Core Smart Money,Berkshire Hathaway,Q1 2026,2026-03-31,ALLEGION PLC,Allegion Plc,Exited,-124.2,-100,EDGAR 13F 自动生成，待人工复核,披露日: 2026-05-15
Core Smart Money,Berkshire Hathaway,Q1 2026,2026-03-31,LIBERTY LIVE HOLDINGS IN,Liberty Live Holdings Inc,Reduced,88.4,-3.0,EDGAR 13F 自动生成，待人工复核,披露日: 2026-05-15
Core Smart Money,Berkshire Hathaway,Q1 2026,2026-03-31,MACYS INC,Macys Inc,New Position,55.0,,EDGAR 13F 自动生成，待人工复核,披露日: 2026-05-15
Core Smart Money,Berkshire Hathaway,Q1 2026,2026-03-31,DIAGEO PLC,Diageo Plc,Exited,-19.6,-100,EDGAR 13F 自动生成，待人工复核,披露日: 2026-05-15
Core Smart Money,Berkshire Hathaway,Q1 2026,2026-03-31,LIBERTY LATIN AMERICA LT,Liberty Latin America Ltd,Exited,-17.7,-100,EDGAR 13F 自动生成，待人工复核,披露日: 2026-05-15
Core Smart Money,Berkshire Hathaway,Q1 2026,2026-03-31,LIBERTY LATIN AMERICA LT,Liberty Latin America Ltd,Exited,-9.6,-100,EDGAR 13F 自动生成，待人工复核,披露日: 2026-05-15
Core Smart Money,Berkshire Hathaway,Q1 2026,2026-03-31,ATLANTA BRAVES HLDGS INC,Atlanta Braves Hldgs Inc,Exited,-4.6,-100,EDGAR 13F 自动生成，待人工复核,披露日: 2026-05-15
Core Smart Money,Berkshire Hathaway,Q1 2026,2026-03-31,LENNAR CORP,Lennar Corp,Added,2.8,31.3,EDGAR 13F 自动生成，待人工复核,披露日: 2026-05-15
Core Smart Money,BlackRock,Q1 2026,2026-03-31,MSFT,Microsoft,Reduced,-71550.3,-1.4,EDGAR 13F 自动生成，待人工复核,披露日: 2026-05-13
Core Smart Money,BlackRock,Q1 2026,2026-03-31,NVDA,Nvidia,Reduced,-26443.4,-0.9,EDGAR 13F 自动生成，待人工复核,披露日: 2026-05-13
Core Smart Money,BlackRock,Q1 2026,2026-03-31,AAPL,Apple,Reduced,-23816.3,-1.0,EDGAR 13F 自动生成，待人工复核,披露日: 2026-05-13
Core Smart Money,BlackRock,Q1 2026,2026-03-31,XOM,Exxon Mobil,Added,17303.8,3.7,EDGAR 13F 自动生成，待人工复核,披露日: 2026-05-13
Core Smart Money,BlackRock,Q1 2026,2026-03-31,TSLA,Tesla,Reduced,-17095.2,-0.9,EDGAR 13F 自动生成，待人工复核,披露日: 2026-05-13
Core Smart Money,BlackRock,Q1 2026,2026-03-31,META,Meta Platforms,Reduced,-16717.1,-1.6,EDGAR 13F 自动生成，待人工复核,披露日: 2026-05-13
Core Smart Money,BlackRock,Q1 2026,2026-03-31,AMZN,Amazon,Added,-16343.8,0.2,EDGAR 13F 自动生成，待人工复核,披露日: 2026-05-13
Core Smart Money,BlackRock,Q1 2026,2026-03-31,AVGO,Broadcom,Added,-12115.9,1.5,EDGAR 13F 自动生成，待人工复核,披露日: 2026-05-13
Core Smart Money,BlackRock,Q1 2026,2026-03-31,LLY,Eli Lilly,Reduced,-10621.9,-0.4,EDGAR 13F 自动生成，待人工复核,披露日: 2026-05-13
Core Smart Money,BlackRock,Q1 2026,2026-03-31,GOOGL,Alphabet A,Added,-9808.3,1.1,EDGAR 13F 自动生成，待人工复核,披露日: 2026-05-13
Core Smart Money,BlackRock,Q1 2026,2026-03-31,JNJ,Johnson & Johnson,Added,8952.7,2.2,EDGAR 13F 自动生成，待人工复核,披露日: 2026-05-13
Core Smart Money,BlackRock,Q1 2026,2026-03-31,GOOG,Alphabet C,Added,-8725.2,1.0,EDGAR 13F 自动生成，待人工复核,披露日: 2026-05-13
Core Smart Money,BlackRock,Q1 2026,2026-03-31,CVX,Chevron,Added,8408.5,2.4,EDGAR 13F 自动生成，待人工复核,披露日: 2026-05-13
Core Smart Money,BlackRock,Q1 2026,2026-03-31,V,Visa,Reduced,-7989.8,-2.8,EDGAR 13F 自动生成，待人工复核,披露日: 2026-05-13
Core Smart Money,BlackRock,Q1 2026,2026-03-31,ORCL,Oracle,Reduced,-7779.7,-3.2,EDGAR 13F 自动生成，待人工复核,披露日: 2026-05-13
Core Smart Money,BlackRock,Q1 2026,2026-03-31,APPLIED MATLS INC,Applied Matls Inc,Added,7652.0,4.9,EDGAR 13F 自动生成，待人工复核,披露日: 2026-05-13
Core Smart Money,BlackRock,Q1 2026,2026-03-31,JPM,JPMorgan,Reduced,-7031.8,-1.7,EDGAR 13F 自动生成，待人工复核,披露日: 2026-05-13
Core Smart Money,BlackRock,Q1 2026,2026-03-31,APPLOVIN CORP,Applovin Corp,Reduced,-6878.6,-2.2,EDGAR 13F 自动生成，待人工复核,披露日: 2026-05-13
Core Smart Money,BlackRock,Q1 2026,2026-03-31,STATE STR SPDR S&P 500 E,State Str Spdr S&P 500 Etf T,Reduced,-6875.1,-28.2,EDGAR 13F 自动生成，待人工复核,披露日: 2026-05-13
Core Smart Money,BlackRock,Q1 2026,2026-03-31,PLTR,Palantir,Reduced,-6708.2,-2.2,EDGAR 13F 自动生成，待人工复核,披露日: 2026-05-13
Core Smart Money,BlackRock,Q1 2026,2026-03-31,SALESFORCE INC,Salesforce Inc,Reduced,-6498.5,-1.2,EDGAR 13F 自动生成，待人工复核,披露日: 2026-05-13
Core Smart Money,BlackRock,Q1 2026,2026-03-31,INTUIT,Intuit,Reduced,-6493.2,-3.6,EDGAR 13F 自动生成，待人工复核,披露日: 2026-05-13
Core Smart Money,BlackRock,Q1 2026,2026-03-31,MU,Micron,Added,6175.7,2.6,EDGAR 13F 自动生成，待人工复核,披露日: 2026-05-13
Core Smart Money,BlackRock,Q1 2026,2026-03-31,CATERPILLAR INC,Caterpillar Inc,Added,5601.8,2.7,EDGAR 13F 自动生成，待人工复核,披露日: 2026-05-13
Core Smart Money,BlackRock,Q1 2026,2026-03-31,MA,Mastercard,Reduced,-5498.5,-1.9,EDGAR 13F 自动生成，待人工复核,披露日: 2026-05-13
Core Smart Money,BlackRock,Q1 2026,2026-03-31,LAM RESEARCH CORP,Lam Research Corp,Reduced,5414.1,-1.0,EDGAR 13F 自动生成，待人工复核,披露日: 2026-05-13
Core Smart Money,BlackRock,Q1 2026,2026-03-31,WMT,Walmart,Added,4959.2,1.0,EDGAR 13F 自动生成，待人工复核,披露日: 2026-05-13
Core Smart Money,BlackRock,Q1 2026,2026-03-31,UNH,UnitedHealth,Reduced,-4794.0,-1.7,EDGAR 13F 自动生成，待人工复核,披露日: 2026-05-13
Core Smart Money,BlackRock,Q1 2026,2026-03-31,BOSTON SCIENTIFIC CORP,Boston Scientific Corp,Reduced,-4694.6,-3.1,EDGAR 13F 自动生成，待人工复核,披露日: 2026-05-13
Core Smart Money,BlackRock,Q1 2026,2026-03-31,GE VERNOVA INC,Ge Vernova Inc,Added,4589.2,0.0,EDGAR 13F 自动生成，待人工复核,披露日: 2026-05-13
Core Smart Money,BlackRock,Q1 2026,2026-03-31,COST,Costco,Reduced,4554.6,-0.4,EDGAR 13F 自动生成，待人工复核,披露日: 2026-05-13
Core Smart Money,BlackRock,Q1 2026,2026-03-31,SERVICENOW INC,Servicenow Inc,Added,-4409.1,2.3,EDGAR 13F 自动生成，待人工复核,披露日: 2026-05-13
Core Smart Money,BlackRock,Q1 2026,2026-03-31,SANDISK CORP,Sandisk Corp,Added,4325.1,8.1,EDGAR 13F 自动生成，待人工复核,披露日: 2026-05-13
Core Smart Money,BlackRock,Q1 2026,2026-03-31,INTERNATIONAL BUSINESS M,International Business Machs,Reduced,-4265.7,-0.4,EDGAR 13F 自动生成，待人工复核,披露日: 2026-05-13
Core Smart Money,BlackRock,Q1 2026,2026-03-31,ADOBE INC,Adobe Inc,Added,-4230.1,0.9,EDGAR 13F 自动生成，待人工复核,披露日: 2026-05-13
Core Smart Money,BlackRock,Q1 2026,2026-03-31,VRT,Vertiv,Added,4223.1,16.1,EDGAR 13F 自动生成，待人工复核,披露日: 2026-05-13
Core Smart Money,BlackRock,Q1 2026,2026-03-31,MERCK & CO INC,Merck & Co Inc,Added,4114.7,3.1,EDGAR 13F 自动生成，待人工复核,披露日: 2026-05-13
Core Smart Money,BlackRock,Q1 2026,2026-03-31,INTC,Intel,Added,3814.6,3.6,EDGAR 13F 自动生成，待人工复核,披露日: 2026-05-13
Core Smart Money,BlackRock,Q1 2026,2026-03-31,ACCENTURE PLC IRELAND,Accenture Plc Ireland,Added,-3713.4,1.9,EDGAR 13F 自动生成，待人工复核,披露日: 2026-05-13
Core Smart Money,BlackRock,Q1 2026,2026-03-31,WELLS FARGO & CO,Wells Fargo & Co,Reduced,-3681.0,-0.6,EDGAR 13F 自动生成，待人工复核,披露日: 2026-05-13
Core Smart Money,Goldman Sachs,Q1 2026,2026-03-31,TSLA,Tesla,Reduced,-5584.4,-16.0,EDGAR 13F 自动生成，待人工复核,披露日: 2026-05-15
Core Smart Money,Goldman Sachs,Q1 2026,2026-03-31,TSM,TSMC ADR,Added,4165.6,82.6,EDGAR 13F 自动生成，待人工复核,披露日: 2026-05-15
Core Smart Money,Goldman Sachs,Q1 2026,2026-03-31,ISHARES TR,Ishares Tr,Added,3655.9,303.1,EDGAR 13F 自动生成，待人工复核,披露日: 2026-05-15
Core Smart Money,Goldman Sachs,Q1 2026,2026-03-31,NVDA,Nvidia,Reduced,-3360.9,-1.7,EDGAR 13F 自动生成，待人工复核,披露日: 2026-05-15
Core Smart Money,Goldman Sachs,Q1 2026,2026-03-31,STATE STR SPDR S&P 500 E,State Str Spdr S&P 500 Etf T,Added,3337.9,17.1,EDGAR 13F 自动生成，待人工复核,披露日: 2026-05-15
Core Smart Money,Goldman Sachs,Q1 2026,2026-03-31,SANDISK CORP,Sandisk Corp,Added,3025.2,475.5,EDGAR 13F 自动生成，待人工复核,披露日: 2026-05-15
Core Smart Money,Goldman Sachs,Q1 2026,2026-03-31,ISHARES TR,Ishares Tr,Added,2522.8,49.6,EDGAR 13F 自动生成，待人工复核,披露日: 2026-05-15
Core Smart Money,Goldman Sachs,Q1 2026,2026-03-31,MU,Micron,Added,2466.5,50.3,EDGAR 13F 自动生成，待人工复核,披露日: 2026-05-15
Core Smart Money,Goldman Sachs,Q1 2026,2026-03-31,MSFT,Microsoft,Added,-2401.7,19.6,EDGAR 13F 自动生成，待人工复核,披露日: 2026-05-15
Core Smart Money,Goldman Sachs,Q1 2026,2026-03-31,XOM,Exxon Mobil,Added,2375.0,17.4,EDGAR 13F 自动生成，待人工复核,披露日: 2026-05-15
Core Smart Money,Goldman Sachs,Q1 2026,2026-03-31,COREWEAVE INC,Coreweave Inc,Added,2340.5,275.5,EDGAR 13F 自动生成，待人工复核,披露日: 2026-05-15
Core Smart Money,Goldman Sachs,Q1 2026,2026-03-31,ISHARES INC,Ishares Inc,Added,2319.4,14053.1,EDGAR 13F 自动生成，待人工复核,披露日: 2026-05-15
Core Smart Money,Goldman Sachs,Q1 2026,2026-03-31,BLOOM ENERGY CORP,Bloom Energy Corp,Added,2195.0,763.7,EDGAR 13F 自动生成，待人工复核,披露日: 2026-05-15
Core Smart Money,Goldman Sachs,Q1 2026,2026-03-31,ASTRAZENECA PLC,Astrazeneca Plc,New Position,2185.3,,EDGAR 13F 自动生成，待人工复核,披露日: 2026-05-15
Core Smart Money,Goldman Sachs,Q1 2026,2026-03-31,AAPL,Apple,Added,-1951.0,0.8,EDGAR 13F 自动生成，待人工复核,披露日: 2026-05-15
Core Smart Money,Goldman Sachs,Q1 2026,2026-03-31,AMZN,Amazon,Added,-1686.1,0.2,EDGAR 13F 自动生成，待人工复核,披露日: 2026-05-15
Core Smart Money,Goldman Sachs,Q1 2026,2026-03-31,ISHARES TR,Ishares Tr,Added,1570.6,23.9,EDGAR 13F 自动生成，待人工复核,披露日: 2026-05-15
Core Smart Money,Goldman Sachs,Q1 2026,2026-03-31,ASTRAZENECA PLC,Astrazeneca Plc,Exited,-1332.1,-100,EDGAR 13F 自动生成，待人工复核,披露日: 2026-05-15
Core Smart Money,Goldman Sachs,Q1 2026,2026-03-31,TOTALENERGIES SE,Totalenergies Se,Added,1287.9,13.3,EDGAR 13F 自动生成，待人工复核,披露日: 2026-05-15
Core Smart Money,Goldman Sachs,Q1 2026,2026-03-31,GOOG,Alphabet C,Added,1280.4,25.3,EDGAR 13F 自动生成，待人工复核,披露日: 2026-05-15
Core Smart Money,Goldman Sachs,Q1 2026,2026-03-31,STATE STR SPDR DOW JONES,State Str Spdr Dow Jones Ind,Reduced,-1277.0,-29.8,EDGAR 13F 自动生成，待人工复核,披露日: 2026-05-15
Core Smart Money,Goldman Sachs,Q1 2026,2026-03-31,LLY,Eli Lilly,Reduced,-1221.3,-1.8,EDGAR 13F 自动生成，待人工复核,披露日: 2026-05-15
Core Smart Money,Goldman Sachs,Q1 2026,2026-03-31,UNITED STS OIL FD LP,United Sts Oil Fd Lp,Added,1208.7,267.0,EDGAR 13F 自动生成，待人工复核,披露日: 2026-05-15
Core Smart Money,Goldman Sachs,Q1 2026,2026-03-31,ISHARES TR,Ishares Tr,Added,1199.8,1009.4,EDGAR 13F 自动生成，待人工复核,披露日: 2026-05-15
Core Smart Money,Goldman Sachs,Q1 2026,2026-03-31,SHOPIFY INC,Shopify Inc,Reduced,-1134.0,-32.5,EDGAR 13F 自动生成，待人工复核,披露日: 2026-05-15
Core Smart Money,Goldman Sachs,Q1 2026,2026-03-31,CANADIAN NAT RES LTD MED,Canadian Nat Res Ltd Med Ter,Added,1130.6,514.5,EDGAR 13F 自动生成，待人工复核,披露日: 2026-05-15
Core Smart Money,Goldman Sachs,Q1 2026,2026-03-31,JNJ,Johnson & Johnson,Added,1127.6,12.4,EDGAR 13F 自动生成，待人工复核,披露日: 2026-05-15
Core Smart Money,Goldman Sachs,Q1 2026,2026-03-31,WMT,Walmart,Added,1112.1,13.8,EDGAR 13F 自动生成，待人工复核,披露日: 2026-05-15
Core Smart Money,Goldman Sachs,Q1 2026,2026-03-31,ISHARES TR,Ishares Tr,Added,1069.5,61.3,EDGAR 13F 自动生成，待人工复核,披露日: 2026-05-15
Core Smart Money,Goldman Sachs,Q1 2026,2026-03-31,APPLIED MATLS INC,Applied Matls Inc,Added,1064.1,18.9,EDGAR 13F 自动生成，待人工复核,披露日: 2026-05-15
Core Smart Money,Goldman Sachs,Q1 2026,2026-03-31,COST,Costco,Added,1037.9,23.7,EDGAR 13F 自动生成，待人工复核,披露日: 2026-05-15
Core Smart Money,Goldman Sachs,Q1 2026,2026-03-31,ALIBABA GROUP HLDG LTD,Alibaba Group Hldg Ltd,Reduced,-1034.7,-39.2,EDGAR 13F 自动生成，待人工复核,披露日: 2026-05-15
Core Smart Money,Goldman Sachs,Q1 2026,2026-03-31,SPDR SERIES TRUST,Spdr Series Trust,Added,976.7,169.9,EDGAR 13F 自动生成，待人工复核,披露日: 2026-05-15
Core Smart Money,Goldman Sachs,Q1 2026,2026-03-31,ORCL,Oracle,Reduced,-938.1,-3.4,EDGAR 13F 自动生成，待人工复核,披露日: 2026-05-15
Core Smart Money,Goldman Sachs,Q1 2026,2026-03-31,KLA CORP,Kla Corp,Added,916.1,24.1,EDGAR 13F 自动生成，待人工复核,披露日: 2026-05-15
Core Smart Money,Goldman Sachs,Q1 2026,2026-03-31,SELECT SECTOR SPDR TR,Select Sector Spdr Tr,Added,911.0,27.1,EDGAR 13F 自动生成，待人工复核,披露日: 2026-05-15
Core Smart Money,Goldman Sachs,Q1 2026,2026-03-31,SYNOPSYS INC,Synopsys Inc,Added,890.6,302.7,EDGAR 13F 自动生成，待人工复核,披露日: 2026-05-15
Core Smart Money,Goldman Sachs,Q1 2026,2026-03-31,PINTEREST INC,Pinterest Inc,Added,850.3,885.0,EDGAR 13F 自动生成，待人工复核,披露日: 2026-05-15
Core Smart Money,Goldman Sachs,Q1 2026,2026-03-31,GE AEROSPACE,Ge Aerospace,Added,848.5,44.5,EDGAR 13F 自动生成，待人工复核,披露日: 2026-05-15
Core Smart Money,Goldman Sachs,Q1 2026,2026-03-31,INTUIT,Intuit,Reduced,-845.8,-5.6,EDGAR 13F 自动生成，待人工复核,披露日: 2026-05-15
Core Smart Money,JPMorgan Chase,Q1 2026,2026-03-31,MSFT,Microsoft,Reduced,-25825.4,-14.0,EDGAR 13F 自动生成，待人工复核,披露日: 2026-05-13
Core Smart Money,JPMorgan Chase,Q1 2026,2026-03-31,NVDA,Nvidia,Reduced,-11107.4,-1.8,EDGAR 13F 自动生成，待人工复核,披露日: 2026-05-13
Core Smart Money,JPMorgan Chase,Q1 2026,2026-03-31,VANGUARD S&P 500 ETF,Vanguard S&P 500 Etf,Added,8504.0,133.2,EDGAR 13F 自动生成，待人工复核,披露日: 2026-05-13
Core Smart Money,JPMorgan Chase,Q1 2026,2026-03-31,ISHARES CORE S&P 500 ETF,Ishares Core S&P 500 Etf,Added,7361.3,112.4,EDGAR 13F 自动生成，待人工复核,披露日: 2026-05-13
Core Smart Money,JPMorgan Chase,Q1 2026,2026-03-31,XOM,Exxon Mobil,Added,6208.7,21.6,EDGAR 13F 自动生成，待人工复核,披露日: 2026-05-13
Core Smart Money,JPMorgan Chase,Q1 2026,2026-03-31,AVGO,Broadcom,Reduced,-5519.9,-2.1,EDGAR 13F 自动生成，待人工复核,披露日: 2026-05-13
Core Smart Money,JPMorgan Chase,Q1 2026,2026-03-31,STATE STR SPDR S&P 500 E,State Str Spdr S&P 500 Etf T,Reduced,-5250.4,-25.1,EDGAR 13F 自动生成，待人工复核,披露日: 2026-05-13
Core Smart Money,JPMorgan Chase,Q1 2026,2026-03-31,STE STR SPDR PT S&P 500 ,Ste Str Spdr Pt S&P 500 Etf,Added,4467.3,717.7,EDGAR 13F 自动生成，待人工复核,披露日: 2026-05-13
Core Smart Money,JPMorgan Chase,Q1 2026,2026-03-31,AAPL,Apple,Added,-4157.5,2.8,EDGAR 13F 自动生成，待人工复核,披露日: 2026-05-13
Core Smart Money,JPMorgan Chase,Q1 2026,2026-03-31,TSLA,Tesla,Added,-3684.2,3.3,EDGAR 13F 自动生成，待人工复核,披露日: 2026-05-13
Core Smart Money,JPMorgan Chase,Q1 2026,2026-03-31,ASTRAZENECA PLC,Astrazeneca Plc,New Position,3604.4,,EDGAR 13F 自动生成，待人工复核,披露日: 2026-05-13
Core Smart Money,JPMorgan Chase,Q1 2026,2026-03-31,ORCL,Oracle,Reduced,-3524.9,-21.2,EDGAR 13F 自动生成，待人工复核,披露日: 2026-05-13
Core Smart Money,JPMorgan Chase,Q1 2026,2026-03-31,SHOPIFY INC,Shopify Inc,Reduced,-3428.2,-47.8,EDGAR 13F 自动生成，待人工复核,披露日: 2026-05-13
Core Smart Money,JPMorgan Chase,Q1 2026,2026-03-31,SPDR GOLD TR,Spdr Gold Tr,Reduced,-3392.4,-62.4,EDGAR 13F 自动生成，待人工复核,披露日: 2026-05-13
Core Smart Money,JPMorgan Chase,Q1 2026,2026-03-31,PLTR,Palantir,Reduced,-3358.8,-39.4,EDGAR 13F 自动生成，待人工复核,披露日: 2026-05-13
Core Smart Money,JPMorgan Chase,Q1 2026,2026-03-31,APPLOVIN CORP,Applovin Corp,Reduced,-3224.0,-41.8,EDGAR 13F 自动生成，待人工复核,披露日: 2026-05-13
Core Smart Money,JPMorgan Chase,Q1 2026,2026-03-31,MERCK & CO INC,Merck & Co Inc,Added,3182.5,81.4,EDGAR 13F 自动生成，待人工复核,披露日: 2026-05-13
Core Smart Money,JPMorgan Chase,Q1 2026,2026-03-31,JNJ,Johnson & Johnson,Added,3181.6,7.7,EDGAR 13F 自动生成，待人工复核,披露日: 2026-05-13
Core Smart Money,JPMorgan Chase,Q1 2026,2026-03-31,VANGUARD TAX-EXEMPT BOND,Vanguard Tax-Exempt Bond Etf,Reduced,-3032.2,-57.2,EDGAR 13F 自动生成，待人工复核,披露日: 2026-05-13
Core Smart Money,JPMorgan Chase,Q1 2026,2026-03-31,ROBINHOOD MKTS INC,Robinhood Mkts Inc,Reduced,-3023.9,-59.2,EDGAR 13F 自动生成，待人工复核,披露日: 2026-05-13
Core Smart Money,JPMorgan Chase,Q1 2026,2026-03-31,AMZN,Amazon,Added,-2993.9,5.6,EDGAR 13F 自动生成，待人工复核,披露日: 2026-05-13
Core Smart Money,JPMorgan Chase,Q1 2026,2026-03-31,BAC,Bank of America,Reduced,-2639.3,-18.1,EDGAR 13F 自动生成，待人工复核,披露日: 2026-05-13
Core Smart Money,JPMorgan Chase,Q1 2026,2026-03-31,SERVICENOW INC,Servicenow Inc,Reduced,-2545.5,-18.1,EDGAR 13F 自动生成，待人工复核,披露日: 2026-05-13
Core Smart Money,JPMorgan Chase,Q1 2026,2026-03-31,LAM RESEARCH CORP,Lam Research Corp,Added,2516.1,39.2,EDGAR 13F 自动生成，待人工复核,披露日: 2026-05-13
Core Smart Money,JPMorgan Chase,Q1 2026,2026-03-31,ISHARES SILVER TR,Ishares Silver Tr,Reduced,-2384.5,-55.3,EDGAR 13F 自动生成，待人工复核,披露日: 2026-05-13
Core Smart Money,JPMorgan Chase,Q1 2026,2026-03-31,INVESCO QQQ TR,Invesco Qqq Tr,Reduced,-2286.9,-53.4,EDGAR 13F 自动生成，待人工复核,披露日: 2026-05-13
Core Smart Money,JPMorgan Chase,Q1 2026,2026-03-31,WELLS FARGO & CO,Wells Fargo & Co,Reduced,-2272.1,-1.3,EDGAR 13F 自动生成，待人工复核,披露日: 2026-05-13
Core Smart Money,JPMorgan Chase,Q1 2026,2026-03-31,WMT,Walmart,Added,2264.6,6.1,EDGAR 13F 自动生成，待人工复核,披露日: 2026-05-13
Core Smart Money,JPMorgan Chase,Q1 2026,2026-03-31,TEXAS INSTRS INC,Texas Instrs Inc,Added,2241.0,35.5,EDGAR 13F 自动生成，待人工复核,披露日: 2026-05-13
Core Smart Money,JPMorgan Chase,Q1 2026,2026-03-31,CONOCOPHILLIPS,Conocophillips,Added,2176.8,37.3,EDGAR 13F 自动生成，待人工复核,披露日: 2026-05-13
Core Smart Money,JPMorgan Chase,Q1 2026,2026-03-31,INTUIT,Intuit,Added,-2137.0,11.9,EDGAR 13F 自动生成，待人工复核,披露日: 2026-05-13
Core Smart Money,JPMorgan Chase,Q1 2026,2026-03-31,NEXTERA ENERGY INC,Nextera Energy Inc,Added,2117.0,9.8,EDGAR 13F 自动生成，待人工复核,披露日: 2026-05-13
Core Smart Money,JPMorgan Chase,Q1 2026,2026-03-31,META,Meta Platforms,Added,-2032.6,14.4,EDGAR 13F 自动生成，待人工复核,披露日: 2026-05-13
Core Smart Money,JPMorgan Chase,Q1 2026,2026-03-31,SEA LTD,Sea Ltd,Reduced,-2004.7,-56.4,EDGAR 13F 自动生成，待人工复核,披露日: 2026-05-13
Core Smart Money,JPMorgan Chase,Q1 2026,2026-03-31,TESLA INC,Tesla Inc,Reduced,-2000.4,-86.7,EDGAR 13F 自动生成，待人工复核,披露日: 2026-05-13
Core Smart Money,JPMorgan Chase,Q1 2026,2026-03-31,WESTERN DIGITAL CORP,Western Digital Corp,Added,1944.5,22.5,EDGAR 13F 自动生成，待人工复核,披露日: 2026-05-13
Core Smart Money,JPMorgan Chase,Q1 2026,2026-03-31,AUTOZONE INC,Autozone Inc,Added,1911.7,103.0,EDGAR 13F 自动生成，待人工复核,披露日: 2026-05-13
Core Smart Money,JPMorgan Chase,Q1 2026,2026-03-31,PROCTER & GAMBLE CO,Procter & Gamble Co,Added,1908.5,64.3,EDGAR 13F 自动生成，待人工复核,披露日: 2026-05-13
Core Smart Money,JPMorgan Chase,Q1 2026,2026-03-31,MCDONALDS CORP,Mcdonalds Corp,Added,1904.7,18.5,EDGAR 13F 自动生成，待人工复核,披露日: 2026-05-13
Core Smart Money,JPMorgan Chase,Q1 2026,2026-03-31,RTX CORPORATION,Rtx Corporation,Added,1849.9,28.8,EDGAR 13F 自动生成，待人工复核,披露日: 2026-05-13
Core Smart Money,Morgan Stanley,Q1 2026,2026-03-31,MSFT,Microsoft,Added,-12397.4,3.0,EDGAR 13F 自动生成，待人工复核,披露日: 2026-05-15
Core Smart Money,Morgan Stanley,Q1 2026,2026-03-31,STATE STR SPDR S&P 500 E,State Str Spdr S&P 500 Etf T,Added,6343.6,38.1,EDGAR 13F 自动生成，待人工复核,披露日: 2026-05-15
Core Smart Money,Morgan Stanley,Q1 2026,2026-03-31,GOOGL,Alphabet A,Reduced,-3339.6,-0.7,EDGAR 13F 自动生成，待人工复核,披露日: 2026-05-15
Core Smart Money,Morgan Stanley,Q1 2026,2026-03-31,XOM,Exxon Mobil,Reduced,3207.6,-3.7,EDGAR 13F 自动生成，待人工复核,披露日: 2026-05-15
Core Smart Money,Morgan Stanley,Q1 2026,2026-03-31,ISHARES TR,Ishares Tr,Added,3166.4,73.8,EDGAR 13F 自动生成，待人工复核,披露日: 2026-05-15
Core Smart Money,Morgan Stanley,Q1 2026,2026-03-31,META,Meta Platforms,Added,-3002.3,1.4,EDGAR 13F 自动生成，待人工复核,披露日: 2026-05-15
Core Smart Money,Morgan Stanley,Q1 2026,2026-03-31,INVESCO QQQ TR,Invesco Qqq Tr,Added,2575.2,34.2,EDGAR 13F 自动生成，待人工复核,披露日: 2026-05-15
Core Smart Money,Morgan Stanley,Q1 2026,2026-03-31,LLY,Eli Lilly,Reduced,-2558.6,-1.0,EDGAR 13F 自动生成，待人工复核,披露日: 2026-05-15
Core Smart Money,Morgan Stanley,Q1 2026,2026-03-31,V,Visa,Reduced,-2538.4,-1.9,EDGAR 13F 自动生成，待人工复核,披露日: 2026-05-15
Core Smart Money,Morgan Stanley,Q1 2026,2026-03-31,CVX,Chevron,Added,2090.3,1.5,EDGAR 13F 自动生成，待人工复核,披露日: 2026-05-15
Core Smart Money,Morgan Stanley,Q1 2026,2026-03-31,GOOG,Alphabet C,Reduced,-1985.3,-0.2,EDGAR 13F 自动生成，待人工复核,披露日: 2026-05-15
Core Smart Money,Morgan Stanley,Q1 2026,2026-03-31,ISHARES INC,Ishares Inc,Added,1896.8,22.8,EDGAR 13F 自动生成，待人工复核,披露日: 2026-05-15
Core Smart Money,Morgan Stanley,Q1 2026,2026-03-31,DOORDASH INC,Doordash Inc,Reduced,-1794.0,-17.3,EDGAR 13F 自动生成，待人工复核,披露日: 2026-05-15
Core Smart Money,Morgan Stanley,Q1 2026,2026-03-31,AVGO,Broadcom,Added,-1750.4,4.1,EDGAR 13F 自动生成，待人工复核,披露日: 2026-05-15
Core Smart Money,Morgan Stanley,Q1 2026,2026-03-31,COST,Costco,Added,1650.9,3.9,EDGAR 13F 自动生成，待人工复核,披露日: 2026-05-15
Core Smart Money,Morgan Stanley,Q1 2026,2026-03-31,GE VERNOVA INC,Ge Vernova Inc,Added,1603.1,5.2,EDGAR 13F 自动生成，待人工复核,披露日: 2026-05-15
Core Smart Money,Morgan Stanley,Q1 2026,2026-03-31,MA,Mastercard,Reduced,-1584.5,-5.5,EDGAR 13F 自动生成，待人工复核,披露日: 2026-05-15
Core Smart Money,Morgan Stanley,Q1 2026,2026-03-31,THERMO FISHER SCIENTIFIC,Thermo Fisher Scientific Inc,Reduced,-1552.4,-8.7,EDGAR 13F 自动生成，待人工复核,披露日: 2026-05-15
Core Smart Money,Morgan Stanley,Q1 2026,2026-03-31,TSLA,Tesla,Added,-1528.1,9.5,EDGAR 13F 自动生成，待人工复核,披露日: 2026-05-15
Core Smart Money,Morgan Stanley,Q1 2026,2026-03-31,NFLX,Netflix,Added,1518.2,16.0,EDGAR 13F 自动生成，待人工复核,披露日: 2026-05-15
Core Smart Money,Morgan Stanley,Q1 2026,2026-03-31,APPLOVIN CORP,Applovin Corp,Added,-1516.8,0.8,EDGAR 13F 自动生成，待人工复核,披露日: 2026-05-15
Core Smart Money,Morgan Stanley,Q1 2026,2026-03-31,ABBOTT LABORATORIES,Abbott Laboratories,Reduced,-1511.1,-18.0,EDGAR 13F 自动生成，待人工复核,披露日: 2026-05-15
Core Smart Money,Morgan Stanley,Q1 2026,2026-03-31,ASTRAZENECA PLC,Astrazeneca Plc,New Position,1374.5,,EDGAR 13F 自动生成，待人工复核,披露日: 2026-05-15
Core Smart Money,Morgan Stanley,Q1 2026,2026-03-31,AUTOMATIC DATA PROCESSIN,Automatic Data Processing In,Reduced,-1362.7,-38.2,EDGAR 13F 自动生成，待人工复核,披露日: 2026-05-15
Core Smart Money,Morgan Stanley,Q1 2026,2026-03-31,JNJ,Johnson & Johnson,Reduced,1344.6,-3.5,EDGAR 13F 自动生成，待人工复核,披露日: 2026-05-15
Core Smart Money,Morgan Stanley,Q1 2026,2026-03-31,BLACKSTONE INC,Blackstone Inc,Reduced,-1328.8,-1.1,EDGAR 13F 自动生成，待人工复核,披露日: 2026-05-15
Core Smart Money,Morgan Stanley,Q1 2026,2026-03-31,SHOPIFY INC,Shopify Inc,Reduced,-1327.7,-6.6,EDGAR 13F 自动生成，待人工复核,披露日: 2026-05-15
Core Smart Money,Morgan Stanley,Q1 2026,2026-03-31,WMT,Walmart,Added,1287.6,1.9,EDGAR 13F 自动生成，待人工复核,披露日: 2026-05-15
Core Smart Money,Morgan Stanley,Q1 2026,2026-03-31,ASTRAZENECA PLC,Astrazeneca Plc,Exited,-1275.9,-100,EDGAR 13F 自动生成，待人工复核,披露日: 2026-05-15
Core Smart Money,Morgan Stanley,Q1 2026,2026-03-31,CATERPILLAR INC,Caterpillar Inc,Added,1260.1,6.0,EDGAR 13F 自动生成，待人工复核,披露日: 2026-05-15
Core Smart Money,Morgan Stanley,Q1 2026,2026-03-31,JPM,JPMorgan,Added,-1227.6,3.3,EDGAR 13F 自动生成，待人工复核,披露日: 2026-05-15
Core Smart Money,Morgan Stanley,Q1 2026,2026-03-31,ISHARES TR,Ishares Tr,Reduced,-1184.6,-2.7,EDGAR 13F 自动生成，待人工复核,披露日: 2026-05-15
Core Smart Money,Morgan Stanley,Q1 2026,2026-03-31,UNH,UnitedHealth,Reduced,-1163.5,-5.2,EDGAR 13F 自动生成，待人工复核,披露日: 2026-05-15
Core Smart Money,Morgan Stanley,Q1 2026,2026-03-31,SPDR SERIES TRUST,Spdr Series Trust,Reduced,-1154.9,-44.1,EDGAR 13F 自动生成，待人工复核,披露日: 2026-05-15
Core Smart Money,Morgan Stanley,Q1 2026,2026-03-31,VANECK ETF TRUST,Vaneck Etf Trust,Added,1137.4,105.6,EDGAR 13F 自动生成，待人工复核,披露日: 2026-05-15
Core Smart Money,Morgan Stanley,Q1 2026,2026-03-31,GALLAGHER ARTHUR J & CO,Gallagher Arthur J & Co,Reduced,-1133.3,-47.8,EDGAR 13F 自动生成，待人工复核,披露日: 2026-05-15
Core Smart Money,Morgan Stanley,Q1 2026,2026-03-31,APPLIED MATLS INC,Applied Matls Inc,Added,1100.2,3.3,EDGAR 13F 自动生成，待人工复核,披露日: 2026-05-15
Core Smart Money,Morgan Stanley,Q1 2026,2026-03-31,SANDISK CORP,Sandisk Corp,Reduced,1098.9,-4.4,EDGAR 13F 自动生成，待人工复核,披露日: 2026-05-15
Core Smart Money,Morgan Stanley,Q1 2026,2026-03-31,AMZN,Amazon,Added,-1072.4,7.6,EDGAR 13F 自动生成，待人工复核,披露日: 2026-05-15
Core Smart Money,Morgan Stanley,Q1 2026,2026-03-31,VERIZON COMMUNICATIONS I,Verizon Communications Inc,Added,1070.9,14.0,EDGAR 13F 自动生成，待人工复核,披露日: 2026-05-15
Long Only Asset Managers,Vanguard,Q4 2025,2025-12-31,GOOGL,Alphabet A,Added,40021.4,2.4,EDGAR 13F 自动生成，待人工复核,披露日: 2026-01-29
Long Only Asset Managers,Vanguard,Q4 2025,2025-12-31,GOOG,Alphabet C,Added,31555.8,2.0,EDGAR 13F 自动生成，待人工复核,披露日: 2026-01-29
Long Only Asset Managers,Vanguard,Q4 2025,2025-12-31,AAPL,Apple,Added,31413.4,1.9,EDGAR 13F 自动生成，待人工复核,披露日: 2026-01-29
Long Only Asset Managers,Vanguard,Q4 2025,2025-12-31,LLY,Eli Lilly,Added,26315.4,1.2,EDGAR 13F 自动生成，待人工复核,披露日: 2026-01-29
Long Only Asset Managers,Vanguard,Q4 2025,2025-12-31,MSFT,Microsoft,Added,-16382.6,2.3,EDGAR 13F 自动生成，待人工复核,披露日: 2026-01-29
Long Only Asset Managers,Vanguard,Q4 2025,2025-12-31,ORCL,Oracle,Added,-13447.8,3.5,EDGAR 13F 自动生成，待人工复核,披露日: 2026-01-29
Long Only Asset Managers,Vanguard,Q4 2025,2025-12-31,MU,Micron,Added,12916.4,1.9,EDGAR 13F 自动生成，待人工复核,披露日: 2026-01-29
Long Only Asset Managers,Vanguard,Q4 2025,2025-12-31,NFLX,Netflix,Added,-9616.2,912.5,EDGAR 13F 自动生成，待人工复核,披露日: 2026-01-29
Long Only Asset Managers,Vanguard,Q4 2025,2025-12-31,META,Meta Platforms,Added,-9519.3,3.8,EDGAR 13F 自动生成，待人工复核,披露日: 2026-01-29
Long Only Asset Managers,Vanguard,Q4 2025,2025-12-31,AVGO,Broadcom,Added,9108.2,0.8,EDGAR 13F 自动生成，待人工复核,披露日: 2026-01-29
Long Only Asset Managers,Vanguard,Q4 2025,2025-12-31,AMD,AMD,Added,8710.4,1.6,EDGAR 13F 自动生成，待人工复核,披露日: 2026-01-29
Long Only Asset Managers,Vanguard,Q4 2025,2025-12-31,AMZN,Amazon,Reduced,8426.5,-0.6,EDGAR 13F 自动生成，待人工复核,披露日: 2026-01-29
Long Only Asset Managers,Vanguard,Q4 2025,2025-12-31,NVDA,Nvidia,Added,7869.5,1.9,EDGAR 13F 自动生成，待人工复核,披露日: 2026-01-29
Long Only Asset Managers,Vanguard,Q4 2025,2025-12-31,JNJ,Johnson & Johnson,Added,5866.5,1.6,EDGAR 13F 自动生成，待人工复核,披露日: 2026-01-29
Long Only Asset Managers,Vanguard,Q4 2025,2025-12-31,MERCK & CO INC,Merck & Co Inc,Added,5608.2,0.9,EDGAR 13F 自动生成，待人工复核,披露日: 2026-01-29
Long Only Asset Managers,Vanguard,Q4 2025,2025-12-31,HOME DEPOT INC,Home Depot Inc,Added,-5549.6,1.3,EDGAR 13F 自动生成，待人工复核,披露日: 2026-01-29
Long Only Asset Managers,Vanguard,Q4 2025,2025-12-31,TOTALENERGIES SE,Totalenergies Se,New Position,5337.3,,EDGAR 13F 自动生成，待人工复核,披露日: 2026-01-29
Long Only Asset Managers,Vanguard,Q4 2025,2025-12-31,LAM RESEARCH CORP,Lam Research Corp,Added,4918.9,0.2,EDGAR 13F 自动生成，待人工复核,披露日: 2026-01-29
Long Only Asset Managers,Vanguard,Q4 2025,2025-12-31,CATERPILLAR INC,Caterpillar Inc,Added,4651.0,1.0,EDGAR 13F 自动生成，待人工复核,披露日: 2026-01-29
Long Only Asset Managers,Vanguard,Q4 2025,2025-12-31,TSLA,Tesla,Added,4202.5,2.6,EDGAR 13F 自动生成，待人工复核,披露日: 2026-01-29
Long Only Asset Managers,Vanguard,Q4 2025,2025-12-31,WMT,Walmart,Added,4117.3,1.0,EDGAR 13F 自动生成，待人工复核,披露日: 2026-01-29
Long Only Asset Managers,Vanguard,Q4 2025,2025-12-31,APPLIED MATLS INC,Applied Matls Inc,Added,4079.3,0.4,EDGAR 13F 自动生成，待人工复核,披露日: 2026-01-29
Long Only Asset Managers,Vanguard,Q4 2025,2025-12-31,INTUITIVE SURGICAL INC,Intuitive Surgical Inc,Added,4010.5,0.0,EDGAR 13F 自动生成，待人工复核,披露日: 2026-01-29
Long Only Asset Managers,Vanguard,Q4 2025,2025-12-31,CISCO SYS INC,Cisco Sys Inc,Added,3712.0,1.0,EDGAR 13F 自动生成，待人工复核,披露日: 2026-01-29
Long Only Asset Managers,Vanguard,Q4 2025,2025-12-31,ROBLOX CORP,Roblox Corp,Added,-3506.8,1.6,EDGAR 13F 自动生成，待人工复核,披露日: 2026-01-29
Long Only Asset Managers,Vanguard,Q4 2025,2025-12-31,BAC,Bank of America,Added,3424.9,3.7,EDGAR 13F 自动生成，待人工复核,披露日: 2026-01-29
Long Only Asset Managers,Vanguard,Q4 2025,2025-12-31,THERMO FISHER SCIENTIFIC,Thermo Fisher Scientific Inc,Added,3363.1,0.9,EDGAR 13F 自动生成，待人工复核,披露日: 2026-01-29
Long Only Asset Managers,Vanguard,Q4 2025,2025-12-31,XOM,Exxon Mobil,Added,3294.4,0.1,EDGAR 13F 自动生成，待人工复核,披露日: 2026-01-29
Long Only Asset Managers,Vanguard,Q4 2025,2025-12-31,CITIGROUP INC,Citigroup Inc,Added,2980.9,3.1,EDGAR 13F 自动生成，待人工复核,披露日: 2026-01-29
Long Only Asset Managers,Vanguard,Q4 2025,2025-12-31,SERVICENOW INC,Servicenow Inc,Added,-2979.9,404.5,EDGAR 13F 自动生成，待人工复核,披露日: 2026-01-29
Long Only Asset Managers,Vanguard,Q4 2025,2025-12-31,UBER TECHNOLOGIES INC,Uber Technologies Inc,Added,-2966.4,0.9,EDGAR 13F 自动生成，待人工复核,披露日: 2026-01-29
Long Only Asset Managers,Vanguard,Q4 2025,2025-12-31,COINBASE GLOBAL INC,Coinbase Global Inc,Added,-2877.6,0.7,EDGAR 13F 自动生成，待人工复核,披露日: 2026-01-29
Long Only Asset Managers,Vanguard,Q4 2025,2025-12-31,STRATEGY INC,Strategy Inc,Added,-2750.6,21.0,EDGAR 13F 自动生成，待人工复核,披露日: 2026-01-29
Long Only Asset Managers,Vanguard,Q4 2025,2025-12-31,FISERV INC,Fiserv Inc,Added,-2747.8,7.6,EDGAR 13F 自动生成，待人工复核,披露日: 2026-01-29
Long Only Asset Managers,Vanguard,Q4 2025,2025-12-31,AMGEN INC,Amgen Inc,Added,2745.2,1.8,EDGAR 13F 自动生成，待人工复核,披露日: 2026-01-29
Long Only Asset Managers,Vanguard,Q4 2025,2025-12-31,KELLANOVA,Kellanova,Exited,-2741.1,-100,EDGAR 13F 自动生成，待人工复核,披露日: 2026-01-29
Long Only Asset Managers,Vanguard,Q4 2025,2025-12-31,GOLDMAN SACHS GROUP INC,Goldman Sachs Group Inc,Added,2731.6,1.5,EDGAR 13F 自动生成，待人工复核,披露日: 2026-01-29
Long Only Asset Managers,Vanguard,Q4 2025,2025-12-31,ROBINHOOD MKTS INC,Robinhood Mkts Inc,Added,-2689.7,1.4,EDGAR 13F 自动生成，待人工复核,披露日: 2026-01-29
Long Only Asset Managers,Vanguard,Q4 2025,2025-12-31,WARNER BROS DISCOVERY IN,Warner Bros Discovery Inc,Added,2669.1,0.7,EDGAR 13F 自动生成，待人工复核,披露日: 2026-01-29
Long Only Asset Managers,Vanguard,Q4 2025,2025-12-31,COST,Costco,Added,-2607.7,0.4,EDGAR 13F 自动生成，待人工复核,披露日: 2026-01-29
13F Hedge Funds,Bridgewater Associates,Q1 2026,2026-03-31,ISHARES TR,Ishares Tr,Reduced,-1116.9,-36.0,EDGAR 13F 自动生成，待人工复核,披露日: 2026-05-15
13F Hedge Funds,Bridgewater Associates,Q1 2026,2026-03-31,SALESFORCE INC,Salesforce Inc,Exited,-511.8,-100,EDGAR 13F 自动生成，待人工复核,披露日: 2026-05-15
13F Hedge Funds,Bridgewater Associates,Q1 2026,2026-03-31,AMZN,Amazon,Added,464.3,125.3,EDGAR 13F 自动生成，待人工复核,披露日: 2026-05-15
13F Hedge Funds,Bridgewater Associates,Q1 2026,2026-03-31,ADOBE INC,Adobe Inc,Reduced,-445.9,-99.9,EDGAR 13F 自动生成，待人工复核,披露日: 2026-05-15
13F Hedge Funds,Bridgewater Associates,Q1 2026,2026-03-31,BOOKING HOLDINGS INC,Booking Holdings Inc,Reduced,-431.0,-99.9,EDGAR 13F 自动生成，待人工复核,披露日: 2026-05-15
13F Hedge Funds,Bridgewater Associates,Q1 2026,2026-03-31,TSM,TSMC ADR,New Position,364.0,,EDGAR 13F 自动生成，待人工复核,披露日: 2026-05-15
13F Hedge Funds,Bridgewater Associates,Q1 2026,2026-03-31,MU,Micron,Added,244.6,65.9,EDGAR 13F 自动生成，待人工复核,披露日: 2026-05-15
13F Hedge Funds,Bridgewater Associates,Q1 2026,2026-03-31,MA,Mastercard,Reduced,-231.6,-99.0,EDGAR 13F 自动生成，待人工复核,披露日: 2026-05-15
13F Hedge Funds,Bridgewater Associates,Q1 2026,2026-03-31,WORKDAY INC,Workday Inc,Exited,-207.3,-100,EDGAR 13F 自动生成，待人工复核,披露日: 2026-05-15
13F Hedge Funds,Bridgewater Associates,Q1 2026,2026-03-31,SERVICENOW INC,Servicenow Inc,Exited,-205.1,-100,EDGAR 13F 自动生成，待人工复核,披露日: 2026-05-15
13F Hedge Funds,Bridgewater Associates,Q1 2026,2026-03-31,STATE STR SPDR S&P 500 E,State Str Spdr S&P 500 Etf T,Reduced,-199.6,-2.0,EDGAR 13F 自动生成，待人工复核,披露日: 2026-05-15
13F Hedge Funds,Bridgewater Associates,Q1 2026,2026-03-31,PAYPAL HLDGS INC,Paypal Hldgs Inc,Reduced,-193.9,-99.7,EDGAR 13F 自动生成，待人工复核,披露日: 2026-05-15
13F Hedge Funds,Bridgewater Associates,Q1 2026,2026-03-31,LAM RESEARCH CORP,Lam Research Corp,Reduced,-185.0,-48.3,EDGAR 13F 自动生成，待人工复核,披露日: 2026-05-15
13F Hedge Funds,Bridgewater Associates,Q1 2026,2026-03-31,V,Visa,Reduced,-180.5,-95.3,EDGAR 13F 自动生成，待人工复核,披露日: 2026-05-15
13F Hedge Funds,Bridgewater Associates,Q1 2026,2026-03-31,EXPEDIA GROUP INC,Expedia Group Inc,Reduced,-176.2,-99.8,EDGAR 13F 自动生成，待人工复核,披露日: 2026-05-15
13F Hedge Funds,Bridgewater Associates,Q1 2026,2026-03-31,REDDIT INC,Reddit Inc,Reduced,-167.2,-91.0,EDGAR 13F 自动生成，待人工复核,披露日: 2026-05-15
13F Hedge Funds,Bridgewater Associates,Q1 2026,2026-03-31,AVGO,Broadcom,Added,164.6,57.4,EDGAR 13F 自动生成，待人工复核,披露日: 2026-05-15
13F Hedge Funds,Bridgewater Associates,Q1 2026,2026-03-31,ORCL,Oracle,Reduced,-131.0,-15.0,EDGAR 13F 自动生成，待人工复核,披露日: 2026-05-15
13F Hedge Funds,Bridgewater Associates,Q1 2026,2026-03-31,BRITISH AMERN TOB PLC,British Amern Tob Plc,Reduced,-122.4,-74.1,EDGAR 13F 自动生成，待人工复核,披露日: 2026-05-15
13F Hedge Funds,Bridgewater Associates,Q1 2026,2026-03-31,UNION PAC CORP,Union Pac Corp,Added,116.7,877.5,EDGAR 13F 自动生成，待人工复核,披露日: 2026-05-15
13F Hedge Funds,Bridgewater Associates,Q1 2026,2026-03-31,GOOG,Alphabet C,New Position,111.0,,EDGAR 13F 自动生成，待人工复核,披露日: 2026-05-15
13F Hedge Funds,Bridgewater Associates,Q1 2026,2026-03-31,MARVELL TECHNOLOGY INC,Marvell Technology Inc,Added,109.1,97.4,EDGAR 13F 自动生成，待人工复核,披露日: 2026-05-15
13F Hedge Funds,Bridgewater Associates,Q1 2026,2026-03-31,NUCOR CORP,Nucor Corp,New Position,104.6,,EDGAR 13F 自动生成，待人工复核,披露日: 2026-05-15
13F Hedge Funds,Bridgewater Associates,Q1 2026,2026-03-31,UBER TECHNOLOGIES INC,Uber Technologies Inc,Reduced,-102.8,-97.3,EDGAR 13F 自动生成，待人工复核,披露日: 2026-05-15
13F Hedge Funds,Bridgewater Associates,Q1 2026,2026-03-31,JNJ,Johnson & Johnson,Reduced,-101.6,-47.0,EDGAR 13F 自动生成，待人工复核,披露日: 2026-05-15
13F Hedge Funds,Bridgewater Associates,Q1 2026,2026-03-31,PINTEREST INC,Pinterest Inc,Reduced,-99.7,-84.7,EDGAR 13F 自动生成，待人工复核,披露日: 2026-05-15
13F Hedge Funds,Bridgewater Associates,Q1 2026,2026-03-31,NVDA,Nvidia,Added,97.6,21.4,EDGAR 13F 自动生成，待人工复核,披露日: 2026-05-15
13F Hedge Funds,Bridgewater Associates,Q1 2026,2026-03-31,AMD,AMD,Reduced,-91.8,-22.0,EDGAR 13F 自动生成，待人工复核,披露日: 2026-05-15
13F Hedge Funds,Bridgewater Associates,Q1 2026,2026-03-31,PACCAR INC,Paccar Inc,New Position,89.8,,EDGAR 13F 自动生成，待人工复核,披露日: 2026-05-15
13F Hedge Funds,Bridgewater Associates,Q1 2026,2026-03-31,SEA LTD,Sea Ltd,Reduced,-84.8,-12.7,EDGAR 13F 自动生成，待人工复核,披露日: 2026-05-15
13F Hedge Funds,Bridgewater Associates,Q1 2026,2026-03-31,ISHARES INC,Ishares Inc,New Position,84.3,,EDGAR 13F 自动生成，待人工复核,披露日: 2026-05-15
13F Hedge Funds,Bridgewater Associates,Q1 2026,2026-03-31,SYNOPSYS INC,Synopsys Inc,New Position,82.6,,EDGAR 13F 自动生成，待人工复核,披露日: 2026-05-15
13F Hedge Funds,Bridgewater Associates,Q1 2026,2026-03-31,TOWER SEMICONDUCTOR LTD,Tower Semiconductor Ltd,New Position,81.2,,EDGAR 13F 自动生成，待人工复核,披露日: 2026-05-15
13F Hedge Funds,Bridgewater Associates,Q1 2026,2026-03-31,STEEL DYNAMICS INC,Steel Dynamics Inc,New Position,78.9,,EDGAR 13F 自动生成，待人工复核,披露日: 2026-05-15
13F Hedge Funds,Bridgewater Associates,Q1 2026,2026-03-31,BLOCK INC,Block Inc,Reduced,-78.1,-89.4,EDGAR 13F 自动生成，待人工复核,披露日: 2026-05-15
13F Hedge Funds,Bridgewater Associates,Q1 2026,2026-03-31,GOOGL,Alphabet A,Added,76.5,25.6,EDGAR 13F 自动生成，待人工复核,披露日: 2026-05-15
13F Hedge Funds,Bridgewater Associates,Q1 2026,2026-03-31,ALTRIA GROUP INC,Altria Group Inc,Reduced,-76.4,-48.0,EDGAR 13F 自动生成，待人工复核,披露日: 2026-05-15
13F Hedge Funds,Bridgewater Associates,Q1 2026,2026-03-31,MSFT,Microsoft,Added,-74.3,10.3,EDGAR 13F 自动生成，待人工复核,披露日: 2026-05-15
13F Hedge Funds,Bridgewater Associates,Q1 2026,2026-03-31,GLOBAL PMTS INC,Global Pmts Inc,Exited,-74.2,-100,EDGAR 13F 自动生成，待人工复核,披露日: 2026-05-15
13F Hedge Funds,Bridgewater Associates,Q1 2026,2026-03-31,CSX CORP,Csx Corp,Added,72.5,243.8,EDGAR 13F 自动生成，待人工复核,披露日: 2026-05-15
13F Hedge Funds,Citadel Advisors,Q1 2026,2026-03-31,TSLA,Tesla,Reduced,-10754.6,-16.7,EDGAR 13F 自动生成，待人工复核,披露日: 2026-05-15
13F Hedge Funds,Citadel Advisors,Q1 2026,2026-03-31,NVDA,Nvidia,Reduced,-4887.6,-11.2,EDGAR 13F 自动生成，待人工复核,披露日: 2026-05-15
13F Hedge Funds,Citadel Advisors,Q1 2026,2026-03-31,INVESCO QQQ TR,Invesco Qqq Tr,Reduced,-4441.5,-6.6,EDGAR 13F 自动生成，待人工复核,披露日: 2026-05-15
13F Hedge Funds,Citadel Advisors,Q1 2026,2026-03-31,MU,Micron,Added,4011.9,35.3,EDGAR 13F 自动生成，待人工复核,披露日: 2026-05-15
13F Hedge Funds,Citadel Advisors,Q1 2026,2026-03-31,SANDISK CORP,Sandisk Corp,Added,3447.3,109.8,EDGAR 13F 自动生成，待人工复核,披露日: 2026-05-15
13F Hedge Funds,Citadel Advisors,Q1 2026,2026-03-31,AVGO,Broadcom,Reduced,-2569.8,-20.0,EDGAR 13F 自动生成，待人工复核,披露日: 2026-05-15
13F Hedge Funds,Citadel Advisors,Q1 2026,2026-03-31,ISHARES TR,Ishares Tr,Added,2512.7,661.6,EDGAR 13F 自动生成，待人工复核,披露日: 2026-05-15
13F Hedge Funds,Citadel Advisors,Q1 2026,2026-03-31,STATE STR SPDR S&P 500 E,State Str Spdr S&P 500 Etf T,Added,2501.2,11.5,EDGAR 13F 自动生成，待人工复核,披露日: 2026-05-15
13F Hedge Funds,Citadel Advisors,Q1 2026,2026-03-31,AMZN,Amazon,Reduced,-2459.8,-9.8,EDGAR 13F 自动生成，待人工复核,披露日: 2026-05-15
13F Hedge Funds,Citadel Advisors,Q1 2026,2026-03-31,UNH,UnitedHealth,Reduced,-2456.6,-19.3,EDGAR 13F 自动生成，待人工复核,披露日: 2026-05-15
13F Hedge Funds,Citadel Advisors,Q1 2026,2026-03-31,GOOG,Alphabet C,Reduced,-2410.1,-23.3,EDGAR 13F 自动生成，待人工复核,披露日: 2026-05-15
13F Hedge Funds,Citadel Advisors,Q1 2026,2026-03-31,PLTR,Palantir,Reduced,-2402.8,-16.9,EDGAR 13F 自动生成，待人工复核,披露日: 2026-05-15
13F Hedge Funds,Citadel Advisors,Q1 2026,2026-03-31,SPDR GOLD TR,Spdr Gold Tr,Added,2302.3,9.0,EDGAR 13F 自动生成，待人工复核,披露日: 2026-05-15
13F Hedge Funds,Citadel Advisors,Q1 2026,2026-03-31,AAPL,Apple,Reduced,-2277.7,-7.8,EDGAR 13F 自动生成，待人工复核,披露日: 2026-05-15
13F Hedge Funds,Citadel Advisors,Q1 2026,2026-03-31,NFLX,Netflix,Reduced,-2240.2,-27.0,EDGAR 13F 自动生成，待人工复核,披露日: 2026-05-15
13F Hedge Funds,Citadel Advisors,Q1 2026,2026-03-31,LLY,Eli Lilly,Reduced,-2140.0,-29.5,EDGAR 13F 自动生成，待人工复核,披露日: 2026-05-15
13F Hedge Funds,Citadel Advisors,Q1 2026,2026-03-31,UNITED STS OIL FD LP,United Sts Oil Fd Lp,Added,2122.5,358.3,EDGAR 13F 自动生成，待人工复核,披露日: 2026-05-15
13F Hedge Funds,Citadel Advisors,Q1 2026,2026-03-31,META,Meta Platforms,Added,-2088.1,0.1,EDGAR 13F 自动生成，待人工复核,披露日: 2026-05-15
13F Hedge Funds,Citadel Advisors,Q1 2026,2026-03-31,AMD,AMD,Reduced,-2050.7,-23.0,EDGAR 13F 自动生成，待人工复核,披露日: 2026-05-15
13F Hedge Funds,Citadel Advisors,Q1 2026,2026-03-31,ROBINHOOD MKTS INC,Robinhood Mkts Inc,Reduced,-1847.0,-30.1,EDGAR 13F 自动生成，待人工复核,披露日: 2026-05-15
13F Hedge Funds,Citadel Advisors,Q1 2026,2026-03-31,XOM,Exxon Mobil,Added,1526.9,61.0,EDGAR 13F 自动生成，待人工复核,披露日: 2026-05-15
13F Hedge Funds,Citadel Advisors,Q1 2026,2026-03-31,V,Visa,Reduced,-1472.5,-39.5,EDGAR 13F 自动生成，待人工复核,披露日: 2026-05-15
13F Hedge Funds,Citadel Advisors,Q1 2026,2026-03-31,GOOGL,Alphabet A,Reduced,-1446.5,-4.7,EDGAR 13F 自动生成，待人工复核,披露日: 2026-05-15
13F Hedge Funds,Citadel Advisors,Q1 2026,2026-03-31,SELECT SECTOR SPDR TR,Select Sector Spdr Tr,Added,1433.0,200.8,EDGAR 13F 自动生成，待人工复核,披露日: 2026-05-15
13F Hedge Funds,Citadel Advisors,Q1 2026,2026-03-31,ORCL,Oracle,Reduced,-1273.1,-7.5,EDGAR 13F 自动生成，待人工复核,披露日: 2026-05-15
13F Hedge Funds,Citadel Advisors,Q1 2026,2026-03-31,LUMENTUM HLDGS INC,Lumentum Hldgs Inc,Added,1246.3,116.2,EDGAR 13F 自动生成，待人工复核,披露日: 2026-05-15
13F Hedge Funds,Citadel Advisors,Q1 2026,2026-03-31,ISHARES BITCOIN TRUST ET,Ishares Bitcoin Trust Etf,Reduced,-1242.6,-31.2,EDGAR 13F 自动生成，待人工复核,披露日: 2026-05-15
13F Hedge Funds,Citadel Advisors,Q1 2026,2026-03-31,ISHARES TR,Ishares Tr,Reduced,-1147.6,-11.8,EDGAR 13F 自动生成，待人工复核,披露日: 2026-05-15
13F Hedge Funds,Citadel Advisors,Q1 2026,2026-03-31,TSM,TSMC ADR,Added,1142.4,14.1,EDGAR 13F 自动生成，待人工复核,披露日: 2026-05-15
13F Hedge Funds,Citadel Advisors,Q1 2026,2026-03-31,CATERPILLAR INC,Caterpillar Inc,Added,1104.9,33.9,EDGAR 13F 自动生成，待人工复核,披露日: 2026-05-15
13F Hedge Funds,Citadel Advisors,Q1 2026,2026-03-31,ASML HLDG NV,Asml Hldg Nv,Added,1034.4,16.8,EDGAR 13F 自动生成，待人工复核,披露日: 2026-05-15
13F Hedge Funds,Citadel Advisors,Q1 2026,2026-03-31,ALIBABA GROUP HLDG LTD,Alibaba Group Hldg Ltd,Reduced,-1031.1,-28.6,EDGAR 13F 自动生成，待人工复核,披露日: 2026-05-15
13F Hedge Funds,Citadel Advisors,Q1 2026,2026-03-31,ISHARES SILVER TR,Ishares Silver Tr,Added,1012.0,16.6,EDGAR 13F 自动生成，待人工复核,披露日: 2026-05-15
13F Hedge Funds,Citadel Advisors,Q1 2026,2026-03-31,CARVANA CO,Carvana Co,Reduced,-966.2,-8.2,EDGAR 13F 自动生成，待人工复核,披露日: 2026-05-15
13F Hedge Funds,Citadel Advisors,Q1 2026,2026-03-31,APPLOVIN CORP,Applovin Corp,Added,-954.2,14.9,EDGAR 13F 自动生成，待人工复核,披露日: 2026-05-15
13F Hedge Funds,Citadel Advisors,Q1 2026,2026-03-31,BOOKING HOLDINGS INC,Booking Holdings Inc,Reduced,-931.4,-3.2,EDGAR 13F 自动生成，待人工复核,披露日: 2026-05-15
13F Hedge Funds,Citadel Advisors,Q1 2026,2026-03-31,LULULEMON ATHLETICA INC,Lululemon Athletica Inc,Reduced,-922.9,-44.0,EDGAR 13F 自动生成，待人工复核,披露日: 2026-05-15
13F Hedge Funds,Citadel Advisors,Q1 2026,2026-03-31,SOFI TECHNOLOGIES INC,Sofi Technologies Inc,Reduced,-881.3,-23.7,EDGAR 13F 自动生成，待人工复核,披露日: 2026-05-15
13F Hedge Funds,Citadel Advisors,Q1 2026,2026-03-31,CISCO SYS INC,Cisco Sys Inc,Reduced,-879.0,-58.5,EDGAR 13F 自动生成，待人工复核,披露日: 2026-05-15
13F Hedge Funds,Citadel Advisors,Q1 2026,2026-03-31,LAM RESEARCH CORP,Lam Research Corp,Reduced,-844.7,-51.1,EDGAR 13F 自动生成，待人工复核,披露日: 2026-05-15
13F Hedge Funds,DE Shaw,Q1 2026,2026-03-31,STATE STR SPDR S&P 500 E,State Str Spdr S&P 500 Etf T,Reduced,-2644.0,-69.8,EDGAR 13F 自动生成，待人工复核,披露日: 2026-05-15
13F Hedge Funds,DE Shaw,Q1 2026,2026-03-31,NVDA,Nvidia,Reduced,-1809.4,-27.3,EDGAR 13F 自动生成，待人工复核,披露日: 2026-05-15
13F Hedge Funds,DE Shaw,Q1 2026,2026-03-31,PLTR,Palantir,Reduced,-1397.4,-40.7,EDGAR 13F 自动生成，待人工复核,披露日: 2026-05-15
13F Hedge Funds,DE Shaw,Q1 2026,2026-03-31,GOOG,Alphabet C,Added,1099.7,142.3,EDGAR 13F 自动生成，待人工复核,披露日: 2026-05-15
13F Hedge Funds,DE Shaw,Q1 2026,2026-03-31,AMD,AMD,Reduced,-1057.1,-38.5,EDGAR 13F 自动生成，待人工复核,披露日: 2026-05-15
13F Hedge Funds,DE Shaw,Q1 2026,2026-03-31,AVGO,Broadcom,Added,993.6,89.5,EDGAR 13F 自动生成，待人工复核,披露日: 2026-05-15
13F Hedge Funds,DE Shaw,Q1 2026,2026-03-31,MSFT,Microsoft,Reduced,-929.7,-0.2,EDGAR 13F 自动生成，待人工复核,披露日: 2026-05-15
13F Hedge Funds,DE Shaw,Q1 2026,2026-03-31,BOOKING HOLDINGS INC,Booking Holdings Inc,Reduced,-890.1,-37.2,EDGAR 13F 自动生成，待人工复核,披露日: 2026-05-15
13F Hedge Funds,DE Shaw,Q1 2026,2026-03-31,TARGET CORP,Target Corp,Added,847.1,178.7,EDGAR 13F 自动生成，待人工复核,披露日: 2026-05-15
13F Hedge Funds,DE Shaw,Q1 2026,2026-03-31,NFLX,Netflix,Reduced,-838.8,-56.7,EDGAR 13F 自动生成，待人工复核,披露日: 2026-05-15
13F Hedge Funds,DE Shaw,Q1 2026,2026-03-31,ISHARES TR,Ishares Tr,Exited,-804.8,-100,EDGAR 13F 自动生成，待人工复核,披露日: 2026-05-15
13F Hedge Funds,DE Shaw,Q1 2026,2026-03-31,JPM,JPMorgan,Added,778.7,161.8,EDGAR 13F 自动生成，待人工复核,披露日: 2026-05-15
13F Hedge Funds,DE Shaw,Q1 2026,2026-03-31,GOOGL,Alphabet A,Added,729.7,49.1,EDGAR 13F 自动生成，待人工复核,披露日: 2026-05-15
13F Hedge Funds,DE Shaw,Q1 2026,2026-03-31,ADOBE INC,Adobe Inc,Reduced,-676.9,-59.3,EDGAR 13F 自动生成，待人工复核,披露日: 2026-05-15
13F Hedge Funds,DE Shaw,Q1 2026,2026-03-31,SANDISK CORP,Sandisk Corp,Reduced,669.5,-17.8,EDGAR 13F 自动生成，待人工复核,披露日: 2026-05-15
13F Hedge Funds,DE Shaw,Q1 2026,2026-03-31,MCDONALDS CORP,Mcdonalds Corp,Reduced,-610.6,-84.1,EDGAR 13F 自动生成，待人工复核,披露日: 2026-05-15
13F Hedge Funds,DE Shaw,Q1 2026,2026-03-31,AMERICAN EXPRESS CO,American Express Co,Added,574.8,2190.5,EDGAR 13F 自动生成，待人工复核,披露日: 2026-05-15
13F Hedge Funds,DE Shaw,Q1 2026,2026-03-31,MONGODB INC,Mongodb Inc,Reduced,-560.7,-46.2,EDGAR 13F 自动生成，待人工复核,披露日: 2026-05-15
13F Hedge Funds,DE Shaw,Q1 2026,2026-03-31,SCHWAB CHARLES CORP,Schwab Charles Corp,Reduced,-558.0,-66.9,EDGAR 13F 自动生成，待人工复核,披露日: 2026-05-15
13F Hedge Funds,DE Shaw,Q1 2026,2026-03-31,TEXAS INSTRS INC,Texas Instrs Inc,Reduced,-553.9,-44.9,EDGAR 13F 自动生成，待人工复核,披露日: 2026-05-15
13F Hedge Funds,DE Shaw,Q1 2026,2026-03-31,SOFI TECHNOLOGIES INC,Sofi Technologies Inc,Added,-535.1,1.9,EDGAR 13F 自动生成，待人工复核,披露日: 2026-05-15
13F Hedge Funds,DE Shaw,Q1 2026,2026-03-31,3M CO,3M Co,Added,481.0,192.6,EDGAR 13F 自动生成，待人工复核,披露日: 2026-05-15
13F Hedge Funds,DE Shaw,Q1 2026,2026-03-31,FAIR ISAAC CORP,Fair Isaac Corp,Reduced,-474.4,-45.2,EDGAR 13F 自动生成，待人工复核,披露日: 2026-05-15
13F Hedge Funds,DE Shaw,Q1 2026,2026-03-31,TAKE-TWO INTERACTIVE SOF,Take-Two Interactive Softwar,Reduced,-474.3,-67.0,EDGAR 13F 自动生成，待人工复核,披露日: 2026-05-15
13F Hedge Funds,DE Shaw,Q1 2026,2026-03-31,SPOTIFY TECHNOLOGY S A,Spotify Technology S A,Reduced,-465.9,-53.5,EDGAR 13F 自动生成，待人工复核,披露日: 2026-05-15
13F Hedge Funds,DE Shaw,Q1 2026,2026-03-31,MOTOROLA SOLUTIONS INC,Motorola Solutions Inc,Reduced,-462.9,-92.6,EDGAR 13F 自动生成，待人工复核,披露日: 2026-05-15
13F Hedge Funds,DE Shaw,Q1 2026,2026-03-31,VERISK ANALYTICS INC,Verisk Analytics Inc,Reduced,-461.0,-61.0,EDGAR 13F 自动生成，待人工复核,披露日: 2026-05-15
13F Hedge Funds,DE Shaw,Q1 2026,2026-03-31,BOSTON SCIENTIFIC CORP,Boston Scientific Corp,Added,460.5,117.2,EDGAR 13F 自动生成，待人工复核,披露日: 2026-05-15
13F Hedge Funds,DE Shaw,Q1 2026,2026-03-31,ASML HLDG NV,Asml Hldg Nv,Added,459.4,120.1,EDGAR 13F 自动生成，待人工复核,披露日: 2026-05-15
13F Hedge Funds,DE Shaw,Q1 2026,2026-03-31,LUMENTUM HLDGS INC,Lumentum Hldgs Inc,Added,458.0,1.6,EDGAR 13F 自动生成，待人工复核,披露日: 2026-05-15
13F Hedge Funds,DE Shaw,Q1 2026,2026-03-31,BAC,Bank of America,Reduced,-454.1,-57.3,EDGAR 13F 自动生成，待人工复核,披露日: 2026-05-15
13F Hedge Funds,DE Shaw,Q1 2026,2026-03-31,INTC,Intel,Added,447.0,56.7,EDGAR 13F 自动生成，待人工复核,披露日: 2026-05-15
13F Hedge Funds,DE Shaw,Q1 2026,2026-03-31,INTUITIVE SURGICAL INC,Intuitive Surgical Inc,Reduced,-440.9,-50.3,EDGAR 13F 自动生成，待人工复核,披露日: 2026-05-15
13F Hedge Funds,DE Shaw,Q1 2026,2026-03-31,INVESCO QQQ TR,Invesco Qqq Tr,New Position,432.9,,EDGAR 13F 自动生成，待人工复核,披露日: 2026-05-15
13F Hedge Funds,DE Shaw,Q1 2026,2026-03-31,AMZN,Amazon,Reduced,-417.9,-11.3,EDGAR 13F 自动生成，待人工复核,披露日: 2026-05-15
13F Hedge Funds,DE Shaw,Q1 2026,2026-03-31,DISNEY WALT CO,Disney Walt Co,Reduced,-411.6,-50.1,EDGAR 13F 自动生成，待人工复核,披露日: 2026-05-15
13F Hedge Funds,DE Shaw,Q1 2026,2026-03-31,BLACKSTONE INC,Blackstone Inc,Added,410.6,1526.9,EDGAR 13F 自动生成，待人工复核,披露日: 2026-05-15
13F Hedge Funds,DE Shaw,Q1 2026,2026-03-31,STRATEGY INC,Strategy Inc,New Position,398.7,,EDGAR 13F 自动生成，待人工复核,披露日: 2026-05-15
13F Hedge Funds,DE Shaw,Q1 2026,2026-03-31,LUMENTUM HLDGS INC,Lumentum Hldgs Inc,Added,389.5,2.2,EDGAR 13F 自动生成，待人工复核,披露日: 2026-05-15
13F Hedge Funds,DE Shaw,Q1 2026,2026-03-31,UNH,UnitedHealth,Reduced,-388.9,-15.8,EDGAR 13F 自动生成，待人工复核,披露日: 2026-05-15
13F Hedge Funds,Millennium Management,Q1 2026,2026-03-31,WMT,Walmart,Reduced,-4090.7,-86.8,EDGAR 13F 自动生成，待人工复核,披露日: 2026-05-15
13F Hedge Funds,Millennium Management,Q1 2026,2026-03-31,CRH   PLC,Crh   Plc,Added,2677.1,14.0,EDGAR 13F 自动生成，待人工复核,披露日: 2026-05-15
13F Hedge Funds,Millennium Management,Q1 2026,2026-03-31,INVESCO  QQQ  TR,Invesco  Qqq  Tr,Reduced,-1832.0,-18.0,EDGAR 13F 自动生成，待人工复核,披露日: 2026-05-15
13F Hedge Funds,Millennium Management,Q1 2026,2026-03-31,SPDR  SERIES  TRUST,Spdr  Series  Trust,New Position,1650.7,,EDGAR 13F 自动生成，待人工复核,披露日: 2026-05-15
13F Hedge Funds,Millennium Management,Q1 2026,2026-03-31,ISHARES  TR,Ishares  Tr,Added,1544.1,12.5,EDGAR 13F 自动生成，待人工复核,披露日: 2026-05-15
13F Hedge Funds,Millennium Management,Q1 2026,2026-03-31,STATE  STR    SPDR  S&P ,State  Str    Spdr  S&P  500  Etf   T,Reduced,-1495.8,-28.5,EDGAR 13F 自动生成，待人工复核,披露日: 2026-05-15
13F Hedge Funds,Millennium Management,Q1 2026,2026-03-31,ISHARES  TR,Ishares  Tr,Reduced,-1445.3,-10.4,EDGAR 13F 自动生成，待人工复核,披露日: 2026-05-15
13F Hedge Funds,Millennium Management,Q1 2026,2026-03-31,NVDA,Nvidia,Reduced,-1191.5,-8.2,EDGAR 13F 自动生成，待人工复核,披露日: 2026-05-15
13F Hedge Funds,Millennium Management,Q1 2026,2026-03-31,AVGO,Broadcom,Reduced,-1117.7,-27.3,EDGAR 13F 自动生成，待人工复核,披露日: 2026-05-15
13F Hedge Funds,Millennium Management,Q1 2026,2026-03-31,ISHARES  BITCOIN   TRUST,Ishares  Bitcoin   Trust  Etf,Reduced,-997.2,-41.0,EDGAR 13F 自动生成，待人工复核,披露日: 2026-05-15
13F Hedge Funds,Millennium Management,Q1 2026,2026-03-31,CYBERARK     SOFTWARE   ,Cyberark     Software   Ltd,Exited,-913.9,-100,EDGAR 13F 自动生成，待人工复核,披露日: 2026-05-15
13F Hedge Funds,Millennium Management,Q1 2026,2026-03-31,ASTRAZENECA     PLC,Astrazeneca     Plc,New Position,901.8,,EDGAR 13F 自动生成，待人工复核,披露日: 2026-05-15
13F Hedge Funds,Millennium Management,Q1 2026,2026-03-31,TSLA,Tesla,Added,870.5,69.2,EDGAR 13F 自动生成，待人工复核,披露日: 2026-05-15
13F Hedge Funds,Millennium Management,Q1 2026,2026-03-31,BOSTON     SCIENTIFIC   ,Boston     Scientific       Corp,Reduced,-849.0,-57.6,EDGAR 13F 自动生成，待人工复核,披露日: 2026-05-15
13F Hedge Funds,Millennium Management,Q1 2026,2026-03-31,TSM,TSMC ADR,Added,767.1,103.1,EDGAR 13F 自动生成，待人工复核,披露日: 2026-05-15
13F Hedge Funds,Millennium Management,Q1 2026,2026-03-31,SELECT  SECTOR  SPDR  TR,Select  Sector  Spdr  Tr,Added,757.8,18.8,EDGAR 13F 自动生成，待人工复核,披露日: 2026-05-15
13F Hedge Funds,Millennium Management,Q1 2026,2026-03-31,XOM,Exxon Mobil,Added,691.5,29.2,EDGAR 13F 自动生成，待人工复核,披露日: 2026-05-15
13F Hedge Funds,Millennium Management,Q1 2026,2026-03-31,MSFT,Microsoft,Added,684.6,53.4,EDGAR 13F 自动生成，待人工复核,披露日: 2026-05-15
13F Hedge Funds,Millennium Management,Q1 2026,2026-03-31,MU,Micron,Added,649.5,41.8,EDGAR 13F 自动生成，待人工复核,披露日: 2026-05-15
13F Hedge Funds,Millennium Management,Q1 2026,2026-03-31,LUMENTUM     HLDGS     I,Lumentum     Hldgs     Inc,Added,629.9,110.5,EDGAR 13F 自动生成，待人工复核,披露日: 2026-05-15
13F Hedge Funds,Millennium Management,Q1 2026,2026-03-31,VANGUARD  INDEX     FDS,Vanguard  Index     Fds,Added,606.9,100468.2,EDGAR 13F 自动生成，待人工复核,披露日: 2026-05-15
13F Hedge Funds,Millennium Management,Q1 2026,2026-03-31,WESTERN   DIGITAL      C,Western   Digital      Corp,Added,553.9,2.7,EDGAR 13F 自动生成，待人工复核,披露日: 2026-05-15
13F Hedge Funds,Millennium Management,Q1 2026,2026-03-31,SANDISK     CORP,Sandisk     Corp,Reduced,534.9,-6.7,EDGAR 13F 自动生成，待人工复核,披露日: 2026-05-15
13F Hedge Funds,Millennium Management,Q1 2026,2026-03-31,SELECT  SECTOR  SPDR  TR,Select  Sector  Spdr  Tr,Added,513.4,40.1,EDGAR 13F 自动生成，待人工复核,披露日: 2026-05-15
13F Hedge Funds,Millennium Management,Q1 2026,2026-03-31,INTUITIVE    SURGICAL   ,Intuitive    Surgical     Inc,Reduced,-500.9,-38.5,EDGAR 13F 自动生成，待人工复核,披露日: 2026-05-15
13F Hedge Funds,Millennium Management,Q1 2026,2026-03-31,BAC,Bank of America,Added,495.4,125.1,EDGAR 13F 自动生成，待人工复核,披露日: 2026-05-15
13F Hedge Funds,Millennium Management,Q1 2026,2026-03-31,COMERICA  INC,Comerica  Inc,Exited,-462.4,-100,EDGAR 13F 自动生成，待人工复核,披露日: 2026-05-15
13F Hedge Funds,Millennium Management,Q1 2026,2026-03-31,DANAHER     CORP   DEL,Danaher     Corp   Del,Reduced,-457.2,-83.1,EDGAR 13F 自动生成，待人工复核,披露日: 2026-05-15
13F Hedge Funds,Millennium Management,Q1 2026,2026-03-31,SPDR  SERIES  TRUST,Spdr  Series  Trust,Added,456.0,217.9,EDGAR 13F 自动生成，待人工复核,披露日: 2026-05-15
13F Hedge Funds,Millennium Management,Q1 2026,2026-03-31,CBRE      GROUP     INC,Cbre      Group     Inc,Added,432.8,356.8,EDGAR 13F 自动生成，待人工复核,披露日: 2026-05-15
13F Hedge Funds,Millennium Management,Q1 2026,2026-03-31,MERCK   &  CO    INC,Merck   &  Co    Inc,Reduced,-427.5,-54.5,EDGAR 13F 自动生成，待人工复核,披露日: 2026-05-15
13F Hedge Funds,Millennium Management,Q1 2026,2026-03-31,BRK.B,Berkshire B,Added,427.3,68.9,EDGAR 13F 自动生成，待人工复核,披露日: 2026-05-15
13F Hedge Funds,Millennium Management,Q1 2026,2026-03-31,EDWARDS    LIFESCIENCES ,Edwards    Lifesciences        Corp,Reduced,-395.4,-69.5,EDGAR 13F 自动生成，待人工复核,披露日: 2026-05-15
13F Hedge Funds,Millennium Management,Q1 2026,2026-03-31,COTERRA   ENERGY        ,Coterra   Energy        Inc,Added,394.5,534.3,EDGAR 13F 自动生成，待人工复核,披露日: 2026-05-15
13F Hedge Funds,Millennium Management,Q1 2026,2026-03-31,FIDELITY      WISE  ORIG,Fidelity      Wise  Origin    Bitcoin,Reduced,-393.0,-62.2,EDGAR 13F 自动生成，待人工复核,披露日: 2026-05-15
13F Hedge Funds,Millennium Management,Q1 2026,2026-03-31,AMERICAN  ELEC   PWR  CO,American  Elec   Pwr  Co      Inc,Added,387.9,172.9,EDGAR 13F 自动生成，待人工复核,披露日: 2026-05-15
13F Hedge Funds,Millennium Management,Q1 2026,2026-03-31,LINDE   PLC,Linde   Plc,Reduced,-381.7,-71.4,EDGAR 13F 自动生成，待人工复核,披露日: 2026-05-15
13F Hedge Funds,Millennium Management,Q1 2026,2026-03-31,EXACT   SCIENCES     COR,Exact   Sciences     Corp,Exited,-377.8,-100,EDGAR 13F 自动生成，待人工复核,披露日: 2026-05-15
13F Hedge Funds,Millennium Management,Q1 2026,2026-03-31,CISCO   SYS   INC,Cisco   Sys   Inc,Added,366.0,106.1,EDGAR 13F 自动生成，待人工复核,披露日: 2026-05-15
13F Hedge Funds,Millennium Management,Q1 2026,2026-03-31,HUNTINGTON         BANCS,Huntington         Bancshares  Inc,Added,363.5,958.4,EDGAR 13F 自动生成，待人工复核,披露日: 2026-05-15
13F Hedge Funds,Renaissance Technologies,Q1 2026,2026-03-31,AAPL,Apple,New Position,780.6,,EDGAR 13F 自动生成，待人工复核,披露日: 2026-05-14
13F Hedge Funds,Renaissance Technologies,Q1 2026,2026-03-31,NFLX,Netflix,Reduced,-672.8,-100.0,EDGAR 13F 自动生成，待人工复核,披露日: 2026-05-14
13F Hedge Funds,Renaissance Technologies,Q1 2026,2026-03-31,COST,Costco,Reduced,-578.2,-97.2,EDGAR 13F 自动生成，待人工复核,披露日: 2026-05-14
13F Hedge Funds,Renaissance Technologies,Q1 2026,2026-03-31,PLTR,Palantir,Reduced,-541.7,-20.6,EDGAR 13F 自动生成，待人工复核,披露日: 2026-05-14
13F Hedge Funds,Renaissance Technologies,Q1 2026,2026-03-31,TSLA,Tesla,Reduced,-534.0,-84.5,EDGAR 13F 自动生成，待人工复核,披露日: 2026-05-14
13F Hedge Funds,Renaissance Technologies,Q1 2026,2026-03-31,PROCTER AND GAMBLE CO,Procter And Gamble Co,Exited,-427.9,-100,EDGAR 13F 自动生成，待人工复核,披露日: 2026-05-14
13F Hedge Funds,Renaissance Technologies,Q1 2026,2026-03-31,MSFT,Microsoft,Reduced,-329.3,-98.6,EDGAR 13F 自动生成，待人工复核,披露日: 2026-05-14
13F Hedge Funds,Renaissance Technologies,Q1 2026,2026-03-31,FORD MTR CO,Ford Mtr Co,Exited,-324.5,-100,EDGAR 13F 自动生成，待人工复核,披露日: 2026-05-14
13F Hedge Funds,Renaissance Technologies,Q1 2026,2026-03-31,NVDA,Nvidia,Added,278.2,190.0,EDGAR 13F 自动生成，待人工复核,披露日: 2026-05-14
13F Hedge Funds,Renaissance Technologies,Q1 2026,2026-03-31,LINDE PLC,Linde Plc,Added,258.0,394.8,EDGAR 13F 自动生成，待人工复核,披露日: 2026-05-14
13F Hedge Funds,Renaissance Technologies,Q1 2026,2026-03-31,SPOTIFY TECHNOLOGY S A,Spotify Technology S A,Reduced,-247.5,-66.5,EDGAR 13F 自动生成，待人工复核,披露日: 2026-05-14
13F Hedge Funds,Renaissance Technologies,Q1 2026,2026-03-31,AVGO,Broadcom,Added,245.4,89191.0,EDGAR 13F 自动生成，待人工复核,披露日: 2026-05-14
13F Hedge Funds,Renaissance Technologies,Q1 2026,2026-03-31,GE VERNOVA INC,Ge Vernova Inc,Exited,-225.7,-100,EDGAR 13F 自动生成，待人工复核,披露日: 2026-05-14
13F Hedge Funds,Renaissance Technologies,Q1 2026,2026-03-31,AMD,AMD,Reduced,-225.1,-82.8,EDGAR 13F 自动生成，待人工复核,披露日: 2026-05-14
13F Hedge Funds,Renaissance Technologies,Q1 2026,2026-03-31,REDDIT INC,Reddit Inc,Reduced,-222.1,-16.9,EDGAR 13F 自动生成，待人工复核,披露日: 2026-05-14
13F Hedge Funds,Renaissance Technologies,Q1 2026,2026-03-31,SANDISK CORP,Sandisk Corp,Reduced,221.0,-33.9,EDGAR 13F 自动生成，待人工复核,披露日: 2026-05-14
13F Hedge Funds,Renaissance Technologies,Q1 2026,2026-03-31,CARVANA CO,Carvana Co,Reduced,-216.3,-14.6,EDGAR 13F 自动生成，待人工复核,披露日: 2026-05-14
13F Hedge Funds,Renaissance Technologies,Q1 2026,2026-03-31,COCA COLA CO,Coca Cola Co,Reduced,-210.4,-99.8,EDGAR 13F 自动生成，待人工复核,披露日: 2026-05-14
13F Hedge Funds,Renaissance Technologies,Q1 2026,2026-03-31,AMZN,Amazon,Exited,-205.6,-100,EDGAR 13F 自动生成，待人工复核,披露日: 2026-05-14
13F Hedge Funds,Renaissance Technologies,Q1 2026,2026-03-31,JPM,JPMorgan,Added,201.8,32663.0,EDGAR 13F 自动生成，待人工复核,披露日: 2026-05-14
13F Hedge Funds,Renaissance Technologies,Q1 2026,2026-03-31,NEWMONT CORP,Newmont Corp,New Position,180.9,,EDGAR 13F 自动生成，待人工复核,披露日: 2026-05-14
13F Hedge Funds,Renaissance Technologies,Q1 2026,2026-03-31,SCHWAB CHARLES CORP,Schwab Charles Corp,Exited,-180.9,-100,EDGAR 13F 自动生成，待人工复核,披露日: 2026-05-14
13F Hedge Funds,Renaissance Technologies,Q1 2026,2026-03-31,OPENDOOR TECHNOLOGIES IN,Opendoor Technologies Inc,Reduced,-174.0,-70.0,EDGAR 13F 自动生成，待人工复核,披露日: 2026-05-14
13F Hedge Funds,Renaissance Technologies,Q1 2026,2026-03-31,COMCAST CORP NEW,Comcast Corp New,Reduced,-173.5,-88.0,EDGAR 13F 自动生成，待人工复核,披露日: 2026-05-14
13F Hedge Funds,Renaissance Technologies,Q1 2026,2026-03-31,WAYFAIR INC,Wayfair Inc,Reduced,-169.0,-8.0,EDGAR 13F 自动生成，待人工复核,披露日: 2026-05-14
13F Hedge Funds,Renaissance Technologies,Q1 2026,2026-03-31,BARRICK MNG CORP,Barrick Mng Corp,Added,168.7,335.8,EDGAR 13F 自动生成，待人工复核,披露日: 2026-05-14
13F Hedge Funds,Renaissance Technologies,Q1 2026,2026-03-31,AIRBNB INC,Airbnb Inc,Reduced,-167.6,-37.7,EDGAR 13F 自动生成，待人工复核,披露日: 2026-05-14
13F Hedge Funds,Renaissance Technologies,Q1 2026,2026-03-31,PALO ALTO NETWORKS INC,Palo Alto Networks Inc,Exited,-167.3,-100,EDGAR 13F 自动生成，待人工复核,披露日: 2026-05-14
13F Hedge Funds,Renaissance Technologies,Q1 2026,2026-03-31,AMERICAN EXPRESS CO,American Express Co,New Position,166.6,,EDGAR 13F 自动生成，待人工复核,披露日: 2026-05-14
13F Hedge Funds,Renaissance Technologies,Q1 2026,2026-03-31,BLACKSTONE INC,Blackstone Inc,New Position,164.6,,EDGAR 13F 自动生成，待人工复核,披露日: 2026-05-14
13F Hedge Funds,Renaissance Technologies,Q1 2026,2026-03-31,TSM,TSMC ADR,Reduced,-162.8,-51.3,EDGAR 13F 自动生成，待人工复核,披露日: 2026-05-14
13F Hedge Funds,Renaissance Technologies,Q1 2026,2026-03-31,EXACT SCIENCES CORP,Exact Sciences Corp,Exited,-161.6,-100,EDGAR 13F 自动生成，待人工复核,披露日: 2026-05-14
13F Hedge Funds,Renaissance Technologies,Q1 2026,2026-03-31,T-MOBILE US INC,T-Mobile Us Inc,Reduced,-161.1,-74.1,EDGAR 13F 自动生成，待人工复核,披露日: 2026-05-14
13F Hedge Funds,Renaissance Technologies,Q1 2026,2026-03-31,RIVIAN AUTOMOTIVE INC,Rivian Automotive Inc,Reduced,-158.9,-33.4,EDGAR 13F 自动生成，待人工复核,披露日: 2026-05-14
13F Hedge Funds,Renaissance Technologies,Q1 2026,2026-03-31,MERCADOLIBRE,Mercadolibre,Added,152.6,337.1,EDGAR 13F 自动生成，待人工复核,披露日: 2026-05-14
13F Hedge Funds,Renaissance Technologies,Q1 2026,2026-03-31,NU HLDGS LTD,Nu Hldgs Ltd,Reduced,-146.8,-28.4,EDGAR 13F 自动生成，待人工复核,披露日: 2026-05-14
13F Hedge Funds,Renaissance Technologies,Q1 2026,2026-03-31,ARGAN INC,Argan Inc,Added,145.2,2.1,EDGAR 13F 自动生成，待人工复核,披露日: 2026-05-14
13F Hedge Funds,Renaissance Technologies,Q1 2026,2026-03-31,META,Meta Platforms,New Position,145.0,,EDGAR 13F 自动生成，待人工复核,披露日: 2026-05-14
13F Hedge Funds,Renaissance Technologies,Q1 2026,2026-03-31,LUMENTUM HLDGS INC,Lumentum Hldgs Inc,New Position,142.5,,EDGAR 13F 自动生成，待人工复核,披露日: 2026-05-14
13F Hedge Funds,Renaissance Technologies,Q1 2026,2026-03-31,ILLINOIS TOOL WKS INC,Illinois Tool Wks Inc,Added,141.8,442.5,EDGAR 13F 自动生成，待人工复核,披露日: 2026-05-14
13F Hedge Funds,Two Sigma Investments,Q1 2026,2026-03-31,NVDA,Nvidia,Added,1739.3,519.6,EDGAR 13F 自动生成，待人工复核,披露日: 2026-05-15
13F Hedge Funds,Two Sigma Investments,Q1 2026,2026-03-31,GOOGL,Alphabet A,Added,1221.9,833.0,EDGAR 13F 自动生成，待人工复核,披露日: 2026-05-15
13F Hedge Funds,Two Sigma Investments,Q1 2026,2026-03-31,AAPL,Apple,Added,1168.1,339.7,EDGAR 13F 自动生成，待人工复核,披露日: 2026-05-15
13F Hedge Funds,Two Sigma Investments,Q1 2026,2026-03-31,AMZN,Amazon,Added,1029.8,373.8,EDGAR 13F 自动生成，待人工复核,披露日: 2026-05-15
13F Hedge Funds,Two Sigma Investments,Q1 2026,2026-03-31,JPM,JPMorgan,Added,898.3,721.3,EDGAR 13F 自动生成，待人工复核,披露日: 2026-05-15
13F Hedge Funds,Two Sigma Investments,Q1 2026,2026-03-31,TSLA,Tesla,Added,827.8,323.9,EDGAR 13F 自动生成，待人工复核,披露日: 2026-05-15
13F Hedge Funds,Two Sigma Investments,Q1 2026,2026-03-31,AVGO,Broadcom,Added,709.1,7402.8,EDGAR 13F 自动生成，待人工复核,披露日: 2026-05-15
13F Hedge Funds,Two Sigma Investments,Q1 2026,2026-03-31,COST,Costco,Added,664.5,243.9,EDGAR 13F 自动生成，待人工复核,披露日: 2026-05-15
13F Hedge Funds,Two Sigma Investments,Q1 2026,2026-03-31,ABBOTT LABORATORIES,Abbott Laboratories,New Position,661.3,,EDGAR 13F 自动生成，待人工复核,披露日: 2026-05-15
13F Hedge Funds,Two Sigma Investments,Q1 2026,2026-03-31,PLTR,Palantir,Added,644.3,244.0,EDGAR 13F 自动生成，待人工复核,披露日: 2026-05-15
13F Hedge Funds,Two Sigma Investments,Q1 2026,2026-03-31,MA,Mastercard,Added,588.9,281.2,EDGAR 13F 自动生成，待人工复核,披露日: 2026-05-15
13F Hedge Funds,Two Sigma Investments,Q1 2026,2026-03-31,LOCKHEED MARTIN CORP,Lockheed Martin Corp,Added,580.1,177.3,EDGAR 13F 自动生成，待人工复核,披露日: 2026-05-15
13F Hedge Funds,Two Sigma Investments,Q1 2026,2026-03-31,T-MOBILE US INC,T-Mobile Us Inc,Added,577.0,228.7,EDGAR 13F 自动生成，待人工复核,披露日: 2026-05-15
13F Hedge Funds,Two Sigma Investments,Q1 2026,2026-03-31,TJX COS INC NEW,Tjx Cos Inc New,Added,576.4,204.3,EDGAR 13F 自动生成，待人工复核,披露日: 2026-05-15
13F Hedge Funds,Two Sigma Investments,Q1 2026,2026-03-31,ADOBE INC,Adobe Inc,Added,504.8,323.9,EDGAR 13F 自动生成，待人工复核,披露日: 2026-05-15
13F Hedge Funds,Two Sigma Investments,Q1 2026,2026-03-31,ROSS STORES INC,Ross Stores Inc,Added,494.3,340.6,EDGAR 13F 自动生成，待人工复核,披露日: 2026-05-15
13F Hedge Funds,Two Sigma Investments,Q1 2026,2026-03-31,PROGRESSIVE CORP,Progressive Corp,Added,483.9,272.8,EDGAR 13F 自动生成，待人工复核,披露日: 2026-05-15
13F Hedge Funds,Two Sigma Investments,Q1 2026,2026-03-31,MU,Micron,Added,475.0,114.9,EDGAR 13F 自动生成，待人工复核,披露日: 2026-05-15
13F Hedge Funds,Two Sigma Investments,Q1 2026,2026-03-31,BRISTOL-MYERS SQUIBB CO,Bristol-Myers Squibb Co,Added,451.4,148.6,EDGAR 13F 自动生成，待人工复核,披露日: 2026-05-15
13F Hedge Funds,Two Sigma Investments,Q1 2026,2026-03-31,ASML HLDG NV,Asml Hldg Nv,Added,445.0,495.1,EDGAR 13F 自动生成，待人工复核,披露日: 2026-05-15
13F Hedge Funds,Two Sigma Investments,Q1 2026,2026-03-31,ROBLOX CORP,Roblox Corp,Added,443.7,304.1,EDGAR 13F 自动生成，待人工复核,披露日: 2026-05-15
13F Hedge Funds,Two Sigma Investments,Q1 2026,2026-03-31,MORGAN STANLEY,Morgan Stanley,Added,417.5,232.8,EDGAR 13F 自动生成，待人工复核,披露日: 2026-05-15
13F Hedge Funds,Two Sigma Investments,Q1 2026,2026-03-31,UNH,UnitedHealth,Added,415.2,1041.5,EDGAR 13F 自动生成，待人工复核,披露日: 2026-05-15
13F Hedge Funds,Two Sigma Investments,Q1 2026,2026-03-31,ALNYLAM PHARMACEUTICALS ,Alnylam Pharmaceuticals Inc,Added,414.3,223.4,EDGAR 13F 自动生成，待人工复核,披露日: 2026-05-15
13F Hedge Funds,Two Sigma Investments,Q1 2026,2026-03-31,REGENERON PHARMACEUTICAL,Regeneron Pharmaceuticals,Added,410.6,188.9,EDGAR 13F 自动生成，待人工复核,披露日: 2026-05-15
13F Hedge Funds,Two Sigma Investments,Q1 2026,2026-03-31,META,Meta Platforms,Added,399.3,306.4,EDGAR 13F 自动生成，待人工复核,披露日: 2026-05-15
13F Hedge Funds,Two Sigma Investments,Q1 2026,2026-03-31,INTUITIVE SURGICAL INC,Intuitive Surgical Inc,Added,391.2,207.4,EDGAR 13F 自动生成，待人工复核,披露日: 2026-05-15
13F Hedge Funds,Two Sigma Investments,Q1 2026,2026-03-31,HERSHEY CO,Hershey Co,Added,377.8,961.6,EDGAR 13F 自动生成，待人工复核,披露日: 2026-05-15
13F Hedge Funds,Two Sigma Investments,Q1 2026,2026-03-31,RTX CORPORATION,Rtx Corporation,New Position,377.3,,EDGAR 13F 自动生成，待人工复核,披露日: 2026-05-15
13F Hedge Funds,Two Sigma Investments,Q1 2026,2026-03-31,WASTE CONNECTIONS INC,Waste Connections Inc,Added,370.2,219.1,EDGAR 13F 自动生成，待人工复核,披露日: 2026-05-15
13F Hedge Funds,Two Sigma Investments,Q1 2026,2026-03-31,BRK.B,Berkshire B,Added,365.8,91.2,EDGAR 13F 自动生成，待人工复核,披露日: 2026-05-15
13F Hedge Funds,Two Sigma Investments,Q1 2026,2026-03-31,ILLINOIS TOOL WKS INC,Illinois Tool Wks Inc,Added,359.1,1467.6,EDGAR 13F 自动生成，待人工复核,披露日: 2026-05-15
13F Hedge Funds,Two Sigma Investments,Q1 2026,2026-03-31,BOSTON SCIENTIFIC CORP,Boston Scientific Corp,Added,354.9,280.4,EDGAR 13F 自动生成，待人工复核,披露日: 2026-05-15
13F Hedge Funds,Two Sigma Investments,Q1 2026,2026-03-31,WESTERN DIGITAL CORP,Western Digital Corp,Added,351.8,42.6,EDGAR 13F 自动生成，待人工复核,披露日: 2026-05-15
13F Hedge Funds,Two Sigma Investments,Q1 2026,2026-03-31,DANAHER CORP DEL,Danaher Corp Del,Added,342.5,4170.8,EDGAR 13F 自动生成，待人工复核,披露日: 2026-05-15
13F Hedge Funds,Two Sigma Investments,Q1 2026,2026-03-31,SANDISK CORP,Sandisk Corp,Added,339.7,12.1,EDGAR 13F 自动生成，待人工复核,披露日: 2026-05-15
13F Hedge Funds,Two Sigma Investments,Q1 2026,2026-03-31,CLOUDFLARE INC,Cloudflare Inc,Added,336.7,124.8,EDGAR 13F 自动生成，待人工复核,披露日: 2026-05-15
13F Hedge Funds,Two Sigma Investments,Q1 2026,2026-03-31,INTERACTIVE BROKERS GROU,Interactive Brokers Group In,Added,333.9,135.5,EDGAR 13F 自动生成，待人工复核,披露日: 2026-05-15
13F Hedge Funds,Two Sigma Investments,Q1 2026,2026-03-31,CME GROUP INC,Cme Group Inc,Added,329.9,2822.7,EDGAR 13F 自动生成，待人工复核,披露日: 2026-05-15
13F Hedge Funds,Two Sigma Investments,Q1 2026,2026-03-31,TE CONNECTIVITY PLC,Te Connectivity Plc,Added,326.9,1282.7,EDGAR 13F 自动生成，待人工复核,披露日: 2026-05-15
13F Hedge Funds,Point72 Asset Management,Q1 2026,2026-03-31,STATE STR SPDR S&P 500 E,State Str Spdr S&P 500 Etf T,Reduced,-1277.9,-41.3,EDGAR 13F 自动生成，待人工复核,披露日: 2026-05-15
13F Hedge Funds,Point72 Asset Management,Q1 2026,2026-03-31,TSM,TSMC ADR,Reduced,-881.0,-61.3,EDGAR 13F 自动生成，待人工复核,披露日: 2026-05-15
13F Hedge Funds,Point72 Asset Management,Q1 2026,2026-03-31,MSFT,Microsoft,Reduced,-805.5,-67.5,EDGAR 13F 自动生成，待人工复核,披露日: 2026-05-15
13F Hedge Funds,Point72 Asset Management,Q1 2026,2026-03-31,INVESCO QQQ TR,Invesco Qqq Tr,Reduced,-700.2,-41.2,EDGAR 13F 自动生成，待人工复核,披露日: 2026-05-15
13F Hedge Funds,Point72 Asset Management,Q1 2026,2026-03-31,BIOGEN INC,Biogen Inc,Reduced,-522.1,-78.7,EDGAR 13F 自动生成，待人工复核,披露日: 2026-05-15
13F Hedge Funds,Point72 Asset Management,Q1 2026,2026-03-31,SEA LTD,Sea Ltd,Reduced,-501.6,-60.9,EDGAR 13F 自动生成，待人工复核,披露日: 2026-05-15
13F Hedge Funds,Point72 Asset Management,Q1 2026,2026-03-31,META,Meta Platforms,Added,472.6,282.0,EDGAR 13F 自动生成，待人工复核,披露日: 2026-05-15
13F Hedge Funds,Point72 Asset Management,Q1 2026,2026-03-31,SPDR SERIES TRUST,Spdr Series Trust,Reduced,-472.1,-91.2,EDGAR 13F 自动生成，待人工复核,披露日: 2026-05-15
13F Hedge Funds,Point72 Asset Management,Q1 2026,2026-03-31,APPLIED MATLS INC,Applied Matls Inc,Added,466.0,172.6,EDGAR 13F 自动生成，待人工复核,披露日: 2026-05-15
13F Hedge Funds,Point72 Asset Management,Q1 2026,2026-03-31,COHERENT CORP,Coherent Corp,Reduced,-460.1,-79.9,EDGAR 13F 自动生成，待人工复核,披露日: 2026-05-15
13F Hedge Funds,Point72 Asset Management,Q1 2026,2026-03-31,NVDA,Nvidia,Reduced,-455.1,-17.9,EDGAR 13F 自动生成，待人工复核,披露日: 2026-05-15
13F Hedge Funds,Point72 Asset Management,Q1 2026,2026-03-31,AVGO,Broadcom,Reduced,-400.2,-26.7,EDGAR 13F 自动生成，待人工复核,披露日: 2026-05-15
13F Hedge Funds,Point72 Asset Management,Q1 2026,2026-03-31,PEPSICO INC,Pepsico Inc,Reduced,-337.9,-94.5,EDGAR 13F 自动生成，待人工复核,披露日: 2026-05-15
13F Hedge Funds,Point72 Asset Management,Q1 2026,2026-03-31,AT&T INC,At&T Inc,Reduced,-323.8,-87.9,EDGAR 13F 自动生成，待人工复核,披露日: 2026-05-15
13F Hedge Funds,Point72 Asset Management,Q1 2026,2026-03-31,ABIVAX SA,Abivax Sa,Reduced,-320.2,-77.8,EDGAR 13F 自动生成，待人工复核,披露日: 2026-05-15
13F Hedge Funds,Point72 Asset Management,Q1 2026,2026-03-31,ARISTA NETWORKS INC,Arista Networks Inc,Reduced,-311.7,-22.2,EDGAR 13F 自动生成，待人工复核,披露日: 2026-05-15
13F Hedge Funds,Point72 Asset Management,Q1 2026,2026-03-31,ANALOG DEVICES INC,Analog Devices Inc,Added,307.7,465.9,EDGAR 13F 自动生成，待人工复核,披露日: 2026-05-15
13F Hedge Funds,Point72 Asset Management,Q1 2026,2026-03-31,ATLASSIAN CORPORATION,Atlassian Corporation,Reduced,-305.9,-79.3,EDGAR 13F 自动生成，待人工复核,披露日: 2026-05-15
13F Hedge Funds,Point72 Asset Management,Q1 2026,2026-03-31,PROCTER & GAMBLE CO,Procter & Gamble Co,Added,301.1,282.9,EDGAR 13F 自动生成，待人工复核,披露日: 2026-05-15
13F Hedge Funds,Point72 Asset Management,Q1 2026,2026-03-31,AUTODESK INC,Autodesk Inc,Reduced,-298.6,-90.6,EDGAR 13F 自动生成，待人工复核,披露日: 2026-05-15
13F Hedge Funds,Point72 Asset Management,Q1 2026,2026-03-31,PRAXIS PRECISION MEDICIN,Praxis Precision Medicines I,Exited,-292.5,-100,EDGAR 13F 自动生成，待人工复核,披露日: 2026-05-15
13F Hedge Funds,Point72 Asset Management,Q1 2026,2026-03-31,TRANSDIGM GROUP INC,Transdigm Group Inc,Reduced,-287.4,-82.9,EDGAR 13F 自动生成，待人工复核,披露日: 2026-05-15
13F Hedge Funds,Point72 Asset Management,Q1 2026,2026-03-31,T-MOBILE US INC,T-Mobile Us Inc,Added,282.6,338.2,EDGAR 13F 自动生成，待人工复核,披露日: 2026-05-15
13F Hedge Funds,Point72 Asset Management,Q1 2026,2026-03-31,RTX CORPORATION,Rtx Corporation,Added,275.7,207.5,EDGAR 13F 自动生成，待人工复核,披露日: 2026-05-15
13F Hedge Funds,Point72 Asset Management,Q1 2026,2026-03-31,MONDELEZ INTL INC,Mondelez Intl Inc,Added,273.8,1768.6,EDGAR 13F 自动生成，待人工复核,披露日: 2026-05-15
13F Hedge Funds,Point72 Asset Management,Q1 2026,2026-03-31,MKS INC.,Mks Inc.,Added,270.3,157.5,EDGAR 13F 自动生成，待人工复核,披露日: 2026-05-15
13F Hedge Funds,Point72 Asset Management,Q1 2026,2026-03-31,CISCO SYS INC,Cisco Sys Inc,Reduced,-264.2,-84.7,EDGAR 13F 自动生成，待人工复核,披露日: 2026-05-15
13F Hedge Funds,Point72 Asset Management,Q1 2026,2026-03-31,MONGODB INC,Mongodb Inc,Reduced,-259.8,-39.7,EDGAR 13F 自动生成，待人工复核,披露日: 2026-05-15
13F Hedge Funds,Point72 Asset Management,Q1 2026,2026-03-31,AMER SPORTS INC,Amer Sports Inc,Added,256.4,429.6,EDGAR 13F 自动生成，待人工复核,披露日: 2026-05-15
13F Hedge Funds,Point72 Asset Management,Q1 2026,2026-03-31,ASTRAZENECA PLC,Astrazeneca Plc,New Position,249.6,,EDGAR 13F 自动生成，待人工复核,披露日: 2026-05-15
13F Hedge Funds,Point72 Asset Management,Q1 2026,2026-03-31,SCHWAB CHARLES CORP,Schwab Charles Corp,Reduced,-243.6,-81.4,EDGAR 13F 自动生成，待人工复核,披露日: 2026-05-15
13F Hedge Funds,Point72 Asset Management,Q1 2026,2026-03-31,SNOWFLAKE INC,Snowflake Inc,Reduced,-236.9,-60.6,EDGAR 13F 自动生成，待人工复核,披露日: 2026-05-15
13F Hedge Funds,Point72 Asset Management,Q1 2026,2026-03-31,TE CONNECTIVITY PLC,Te Connectivity Plc,Exited,-231.7,-100,EDGAR 13F 自动生成，待人工复核,披露日: 2026-05-15
13F Hedge Funds,Point72 Asset Management,Q1 2026,2026-03-31,YUM BRANDS INC,Yum Brands Inc,Added,225.9,1112.4,EDGAR 13F 自动生成，待人工复核,披露日: 2026-05-15
13F Hedge Funds,Point72 Asset Management,Q1 2026,2026-03-31,CVX,Chevron,Added,218.0,261.9,EDGAR 13F 自动生成，待人工复核,披露日: 2026-05-15
13F Hedge Funds,Point72 Asset Management,Q1 2026,2026-03-31,PPL CORP,Ppl Corp,New Position,216.2,,EDGAR 13F 自动生成，待人工复核,披露日: 2026-05-15
13F Hedge Funds,Point72 Asset Management,Q1 2026,2026-03-31,CVS HEALTH CORP,Cvs Health Corp,Reduced,-215.6,-93.4,EDGAR 13F 自动生成，待人工复核,披露日: 2026-05-15
13F Hedge Funds,Point72 Asset Management,Q1 2026,2026-03-31,ISHARES TR,Ishares Tr,Reduced,-215.0,-41.7,EDGAR 13F 自动生成，待人工复核,披露日: 2026-05-15
13F Hedge Funds,Point72 Asset Management,Q1 2026,2026-03-31,BP PLC,Bp Plc,Added,214.6,237.0,EDGAR 13F 自动生成，待人工复核,披露日: 2026-05-15
13F Hedge Funds,Point72 Asset Management,Q1 2026,2026-03-31,SANDISK CORP,Sandisk Corp,Reduced,210.4,-24.1,EDGAR 13F 自动生成，待人工复核,披露日: 2026-05-15
13F Hedge Funds,Appaloosa Management,Q1 2026,2026-03-31,AMZN,Amazon,Added,396.7,98.2,EDGAR 13F 自动生成，待人工复核,披露日: 2026-05-15
13F Hedge Funds,Appaloosa Management,Q1 2026,2026-03-31,ALIBABA GROUP HLDG LTD,Alibaba Group Hldg Ltd,Reduced,-318.4,-32.6,EDGAR 13F 自动生成，待人工复核,披露日: 2026-05-15
13F Hedge Funds,Appaloosa Management,Q1 2026,2026-03-31,UBER TECHNOLOGIES INC,Uber Technologies Inc,Added,304.3,242.3,EDGAR 13F 自动生成，待人工复核,披露日: 2026-05-15
13F Hedge Funds,Appaloosa Management,Q1 2026,2026-03-31,AMERICAN AIRLS GROUP INC,American Airls Group Inc,Exited,-216.9,-100,EDGAR 13F 自动生成，待人工复核,披露日: 2026-05-15
13F Hedge Funds,Appaloosa Management,Q1 2026,2026-03-31,MSFT,Microsoft,Reduced,-208.5,-82.0,EDGAR 13F 自动生成，待人工复核,披露日: 2026-05-15
13F Hedge Funds,Appaloosa Management,Q1 2026,2026-03-31,SANDISK CORP,Sandisk Corp,New Position,178.7,,EDGAR 13F 自动生成，待人工复核,披露日: 2026-05-15
13F Hedge Funds,Appaloosa Management,Q1 2026,2026-03-31,WHIRLPOOL CORP,Whirlpool Corp,Reduced,-176.9,-50.1,EDGAR 13F 自动生成，待人工复核,披露日: 2026-05-15
13F Hedge Funds,Appaloosa Management,Q1 2026,2026-03-31,VISTRA CORP,Vistra Corp,Added,151.6,114.0,EDGAR 13F 自动生成，待人工复核,披露日: 2026-05-15
13F Hedge Funds,Appaloosa Management,Q1 2026,2026-03-31,META,Meta Platforms,Reduced,-146.3,-27.3,EDGAR 13F 自动生成，待人工复核,披露日: 2026-05-15
13F Hedge Funds,Appaloosa Management,Q1 2026,2026-03-31,QCOM,Qualcomm,Reduced,-131.6,-56.5,EDGAR 13F 自动生成，待人工复核,披露日: 2026-05-15
13F Hedge Funds,Appaloosa Management,Q1 2026,2026-03-31,KRANESHARES TRUST,Kraneshares Trust,Reduced,-131.0,-77.3,EDGAR 13F 自动生成，待人工复核,披露日: 2026-05-15
13F Hedge Funds,Appaloosa Management,Q1 2026,2026-03-31,DEUTSCHE BK AG,Deutsche Bk Ag,Reduced,-113.8,-91.8,EDGAR 13F 自动生成，待人工复核,披露日: 2026-05-15
13F Hedge Funds,Appaloosa Management,Q1 2026,2026-03-31,ISHARES INC,Ishares Inc,Added,112.9,28.0,EDGAR 13F 自动生成，待人工复核,披露日: 2026-05-15
13F Hedge Funds,Appaloosa Management,Q1 2026,2026-03-31,PDD HOLDINGS INC,Pdd Holdings Inc,Reduced,-109.3,-49.3,EDGAR 13F 自动生成，待人工复核,披露日: 2026-05-15
13F Hedge Funds,Appaloosa Management,Q1 2026,2026-03-31,OWENS CORNING NEW,Owens Corning New,Exited,-106.3,-100,EDGAR 13F 自动生成，待人工复核,披露日: 2026-05-15
13F Hedge Funds,Appaloosa Management,Q1 2026,2026-03-31,TSM,TSMC ADR,Added,105.2,17.5,EDGAR 13F 自动生成，待人工复核,披露日: 2026-05-15
13F Hedge Funds,Appaloosa Management,Q1 2026,2026-03-31,JD.COM INC,Jd.Com Inc,Reduced,-80.7,-68.6,EDGAR 13F 自动生成，待人工复核,披露日: 2026-05-15
13F Hedge Funds,Appaloosa Management,Q1 2026,2026-03-31,MOHAWK INDS INC,Mohawk Inds Inc,Exited,-73.8,-100,EDGAR 13F 自动生成，待人工复核,披露日: 2026-05-15
13F Hedge Funds,Appaloosa Management,Q1 2026,2026-03-31,GOOG,Alphabet C,Reduced,-63.7,-3.0,EDGAR 13F 自动生成，待人工复核,披露日: 2026-05-15
13F Hedge Funds,Appaloosa Management,Q1 2026,2026-03-31,IQVIA HLDGS INC,Iqvia Hldgs Inc,Exited,-63.1,-100,EDGAR 13F 自动生成，待人工复核,披露日: 2026-05-15
13F Hedge Funds,Appaloosa Management,Q1 2026,2026-03-31,MU,Micron,Reduced,63.0,-4.9,EDGAR 13F 自动生成，待人工复核,披露日: 2026-05-15
13F Hedge Funds,Appaloosa Management,Q1 2026,2026-03-31,NVDA,Nvidia,Reduced,-60.4,-13.4,EDGAR 13F 自动生成，待人工复核,披露日: 2026-05-15
13F Hedge Funds,Appaloosa Management,Q1 2026,2026-03-31,UNITED AIRLS HLDGS INC,United Airls Hldgs Inc,Exited,-52.0,-100,EDGAR 13F 自动生成，待人工复核,披露日: 2026-05-15
13F Hedge Funds,Appaloosa Management,Q1 2026,2026-03-31,UNH,UnitedHealth,Reduced,-41.7,-55.0,EDGAR 13F 自动生成，待人工复核,披露日: 2026-05-15
13F Hedge Funds,Appaloosa Management,Q1 2026,2026-03-31,ISHARES TR,Ishares Tr,Exited,-41.6,-100,EDGAR 13F 自动生成，待人工复核,披露日: 2026-05-15
13F Hedge Funds,Appaloosa Management,Q1 2026,2026-03-31,LYFT INC,Lyft Inc,Reduced,-37.7,-28.9,EDGAR 13F 自动生成，待人工复核,披露日: 2026-05-15
13F Hedge Funds,Appaloosa Management,Q1 2026,2026-03-31,DELTA AIR LINES INC DEL,Delta Air Lines Inc Del,Exited,-33.0,-100,EDGAR 13F 自动生成，待人工复核,披露日: 2026-05-15
13F Hedge Funds,Appaloosa Management,Q1 2026,2026-03-31,RTX CORPORATION,Rtx Corporation,Reduced,-25.7,-31.6,EDGAR 13F 自动生成，待人工复核,披露日: 2026-05-15
13F Hedge Funds,Appaloosa Management,Q1 2026,2026-03-31,AMD,AMD,Reduced,-24.6,-31.9,EDGAR 13F 自动生成，待人工复核,披露日: 2026-05-15
13F Hedge Funds,Appaloosa Management,Q1 2026,2026-03-31,GOODYEAR TIRE & RUBR CO,Goodyear Tire & Rubr Co,Exited,-21.9,-100,EDGAR 13F 自动生成，待人工复核,披露日: 2026-05-15
13F Hedge Funds,Appaloosa Management,Q1 2026,2026-03-31,L3HARRIS TECHNOLOGIES IN,L3Harris Technologies Inc,Reduced,-18.3,-32.9,EDGAR 13F 自动生成，待人工复核,披露日: 2026-05-15
13F Hedge Funds,Appaloosa Management,Q1 2026,2026-03-31,CORNING INC,Corning Inc,Reduced,16.1,-28.1,EDGAR 13F 自动生成，待人工复核,披露日: 2026-05-15
13F Hedge Funds,Appaloosa Management,Q1 2026,2026-03-31,BALL CORP,Ball Corp,Reduced,-14.1,-30.2,EDGAR 13F 自动生成，待人工复核,披露日: 2026-05-15
13F Hedge Funds,Appaloosa Management,Q1 2026,2026-03-31,LAM RESEARCH CORP,Lam Research Corp,Reduced,9.0,-10.0,EDGAR 13F 自动生成，待人工复核,披露日: 2026-05-15
13F Hedge Funds,Appaloosa Management,Q1 2026,2026-03-31,NRG ENERGY INC,Nrg Energy Inc,Added,-7.7,5.8,EDGAR 13F 自动生成，待人工复核,披露日: 2026-05-15
13F Hedge Funds,Appaloosa Management,Q1 2026,2026-03-31,ENERGY TRANSFER L P,Energy Transfer L P,Reduced,-5.7,-28.1,EDGAR 13F 自动生成，待人工复核,披露日: 2026-05-15
13F Hedge Funds,Appaloosa Management,Q1 2026,2026-03-31,MPLX LP,Mplx Lp,Reduced,-4.8,-19.9,EDGAR 13F 自动生成，待人工复核,披露日: 2026-05-15
13F Hedge Funds,Appaloosa Management,Q1 2026,2026-03-31,BAIDU INC,Baidu Inc,Added,2.0,20.4,EDGAR 13F 自动生成，待人工复核,披露日: 2026-05-15
13F Hedge Funds,Appaloosa Management,Q1 2026,2026-03-31,ASML HLDG NV,Asml Hldg Nv,Reduced,-1.5,-20.8,EDGAR 13F 自动生成，待人工复核,披露日: 2026-05-15
13F Hedge Funds,Pershing Square,Q1 2026,2026-03-31,MSFT,Microsoft,New Position,2093.0,,EDGAR 13F 自动生成，待人工复核,披露日: 2026-05-15
13F Hedge Funds,Pershing Square,Q1 2026,2026-03-31,GOOG,Alphabet C,Reduced,-1844.8,-94.9,EDGAR 13F 自动生成，待人工复核,披露日: 2026-05-15
13F Hedge Funds,Pershing Square,Q1 2026,2026-03-31,HILTON WORLDWIDE HLDGS I,Hilton Worldwide Hldgs Inc,Exited,-870.0,-100,EDGAR 13F 自动生成，待人工复核,披露日: 2026-05-15
13F Hedge Funds,Pershing Square,Q1 2026,2026-03-31,BROOKFIELD CORP,Brookfield Corp,Reduced,-401.8,-2.8,EDGAR 13F 自动生成，待人工复核,披露日: 2026-05-15
13F Hedge Funds,Pershing Square,Q1 2026,2026-03-31,UBER TECHNOLOGIES INC,Uber Technologies Inc,Reduced,-313.3,-0.8,EDGAR 13F 自动生成，待人工复核,披露日: 2026-05-15
13F Hedge Funds,Pershing Square,Q1 2026,2026-03-31,META,Meta Platforms,Reduced,-242.4,-0.5,EDGAR 13F 自动生成，待人工复核,披露日: 2026-05-15
13F Hedge Funds,Pershing Square,Q1 2026,2026-03-31,GOOGL,Alphabet A,Reduced,-203.0,-95.2,EDGAR 13F 自动生成，待人工复核,披露日: 2026-05-15
13F Hedge Funds,Pershing Square,Q1 2026,2026-03-31,AMZN,Amazon,Added,167.4,19.2,EDGAR 13F 自动生成，待人工复核,披露日: 2026-05-15
13F Hedge Funds,Pershing Square,Q1 2026,2026-03-31,RESTAURANT BRANDS INTL I,Restaurant Brands Intl Inc,Reduced,113.3,-1.0,EDGAR 13F 自动生成，待人工复核,披露日: 2026-05-15
13F Hedge Funds,Third Point,Q1 2026,2026-03-31,PG&E CORP,Pg&E Corp,Exited,-551.2,-100,EDGAR 13F 自动生成，待人工复核,披露日: 2026-05-15
13F Hedge Funds,Third Point,Q1 2026,2026-03-31,NVDA,Nvidia,Reduced,-517.0,-93.6,EDGAR 13F 自动生成，待人工复核,披露日: 2026-05-15
13F Hedge Funds,Third Point,Q1 2026,2026-03-31,MSFT,Microsoft,Exited,-447.3,-100,EDGAR 13F 自动生成，待人工复核,披露日: 2026-05-15
13F Hedge Funds,Third Point,Q1 2026,2026-03-31,UNION PAC CORP,Union Pac Corp,Reduced,-394.4,-94.5,EDGAR 13F 自动生成，待人工复核,披露日: 2026-05-15
13F Hedge Funds,Third Point,Q1 2026,2026-03-31,BROOKFIELD CORP,Brookfield Corp,Exited,-284.5,-100,EDGAR 13F 自动生成，待人工复核,披露日: 2026-05-15
13F Hedge Funds,Third Point,Q1 2026,2026-03-31,NORFOLK SOUTHN CORP,Norfolk Southn Corp,Reduced,-252.8,-89.7,EDGAR 13F 自动生成，待人工复核,披露日: 2026-05-15
13F Hedge Funds,Third Point,Q1 2026,2026-03-31,CASEYS GEN STORES INC,Caseys Gen Stores Inc,Exited,-251.5,-100,EDGAR 13F 自动生成，待人工复核,披露日: 2026-05-15
13F Hedge Funds,Third Point,Q1 2026,2026-03-31,CAPITAL ONE FINL CORP,Capital One Finl Corp,Reduced,-241.1,-87.3,EDGAR 13F 自动生成，待人工复核,披露日: 2026-05-15
13F Hedge Funds,Third Point,Q1 2026,2026-03-31,COSTAR GROUP INC,Costar Group Inc,Exited,-212.8,-100,EDGAR 13F 自动生成，待人工复核,披露日: 2026-05-15
13F Hedge Funds,Third Point,Q1 2026,2026-03-31,ROCKET COS INC,Rocket Cos Inc,Exited,-184.2,-100,EDGAR 13F 自动生成，待人工复核,披露日: 2026-05-15
13F Hedge Funds,Third Point,Q1 2026,2026-03-31,LPL FINL HLDGS INC,Lpl Finl Hldgs Inc,Exited,-182.2,-100,EDGAR 13F 自动生成，待人工复核,披露日: 2026-05-15
13F Hedge Funds,Third Point,Q1 2026,2026-03-31,LIVE NATION ENTERTAINMEN,Live Nation Entertainment In,Reduced,-174.9,-73.0,EDGAR 13F 自动生成，待人工复核,披露日: 2026-05-15
13F Hedge Funds,Third Point,Q1 2026,2026-03-31,CHIPOTLE MEXICAN GRILL I,Chipotle Mexican Grill Inc,Exited,-174.8,-100,EDGAR 13F 自动生成，待人工复核,披露日: 2026-05-15
13F Hedge Funds,Third Point,Q1 2026,2026-03-31,CONSTELLATION ENERGY COR,Constellation Energy Corp,Exited,-167.8,-100,EDGAR 13F 自动生成，待人工复核,披露日: 2026-05-15
13F Hedge Funds,Third Point,Q1 2026,2026-03-31,VISTRA CORP,Vistra Corp,Exited,-162.1,-100,EDGAR 13F 自动生成，待人工复核,披露日: 2026-05-15
13F Hedge Funds,Third Point,Q1 2026,2026-03-31,SOMNIGROUP INTERNATIONAL,Somnigroup International Inc,Reduced,-135.7,-33.2,EDGAR 13F 自动生成，待人工复核,披露日: 2026-05-15
13F Hedge Funds,Third Point,Q1 2026,2026-03-31,CARPENTER TECHNOLOGY COR,Carpenter Technology Corp,Reduced,-125.0,-60.5,EDGAR 13F 自动生成，待人工复核,披露日: 2026-05-15
13F Hedge Funds,Third Point,Q1 2026,2026-03-31,CRH PLC,Crh Plc,Reduced,-124.8,-26.9,EDGAR 13F 自动生成，待人工复核,披露日: 2026-05-15
13F Hedge Funds,Third Point,Q1 2026,2026-03-31,ALIBABA GROUP HLDG LTD,Alibaba Group Hldg Ltd,Exited,-120.9,-100,EDGAR 13F 自动生成，待人工复核,披露日: 2026-05-15
13F Hedge Funds,Third Point,Q1 2026,2026-03-31,SHARKNINJA INC,Sharkninja Inc,Reduced,-120.5,-89.1,EDGAR 13F 自动生成，待人工复核,披露日: 2026-05-15
13F Hedge Funds,Third Point,Q1 2026,2026-03-31,MASTEC INC,Mastec Inc,Reduced,-98.1,-65.4,EDGAR 13F 自动生成，待人工复核,披露日: 2026-05-15
13F Hedge Funds,Third Point,Q1 2026,2026-03-31,COMFORT SYS USA INC,Comfort Sys Usa Inc,Exited,-98.0,-100,EDGAR 13F 自动生成，待人工复核,披露日: 2026-05-15
13F Hedge Funds,Third Point,Q1 2026,2026-03-31,AMZN,Amazon,Reduced,-95.7,-10.4,EDGAR 13F 自动生成，待人工复核,披露日: 2026-05-15
13F Hedge Funds,Third Point,Q1 2026,2026-03-31,SPOTIFY TECHNOLOGY S A,Spotify Technology S A,Exited,-58.1,-100,EDGAR 13F 自动生成，待人工复核,披露日: 2026-05-15
13F Hedge Funds,Third Point,Q1 2026,2026-03-31,KENVUE INC,Kenvue Inc,Exited,-56.1,-100,EDGAR 13F 自动生成，待人工复核,披露日: 2026-05-15
13F Hedge Funds,Third Point,Q1 2026,2026-03-31,META,Meta Platforms,New Position,51.5,,EDGAR 13F 自动生成，待人工复核,披露日: 2026-05-15
13F Hedge Funds,Third Point,Q1 2026,2026-03-31,GOOGL,Alphabet A,New Position,50.3,,EDGAR 13F 自动生成，待人工复核,披露日: 2026-05-15
13F Hedge Funds,Third Point,Q1 2026,2026-03-31,PROGRESSIVE CORP,Progressive Corp,Exited,-50.1,-100,EDGAR 13F 自动生成，待人工复核,披露日: 2026-05-15
13F Hedge Funds,Third Point,Q1 2026,2026-03-31,SPDR GOLD TR,Spdr Gold Tr,New Position,40.9,,EDGAR 13F 自动生成，待人工复核,披露日: 2026-05-15
13F Hedge Funds,Third Point,Q1 2026,2026-03-31,HUT 8 CORP,Hut 8 Corp,New Position,40.8,,EDGAR 13F 自动生成，待人工复核,披露日: 2026-05-15
13F Hedge Funds,Third Point,Q1 2026,2026-03-31,DANAHER CORP DEL,Danaher Corp Del,Reduced,-37.8,-12.5,EDGAR 13F 自动生成，待人工复核,披露日: 2026-05-15
13F Hedge Funds,Third Point,Q1 2026,2026-03-31,TSM,TSMC ADR,Reduced,-36.2,-35.3,EDGAR 13F 自动生成，待人工复核,披露日: 2026-05-15
13F Hedge Funds,Third Point,Q1 2026,2026-03-31,API GROUP CORP,Api Group Corp,Reduced,-32.5,-32.3,EDGAR 13F 自动生成，待人工复核,披露日: 2026-05-15
13F Hedge Funds,Third Point,Q1 2026,2026-03-31,TRANSDIGM GROUP INC,Transdigm Group Inc,New Position,29.0,,EDGAR 13F 自动生成，待人工复核,披露日: 2026-05-15
13F Hedge Funds,Third Point,Q1 2026,2026-03-31,THERMO FISHER SCIENTIFIC,Thermo Fisher Scientific Inc,Exited,-29.0,-100,EDGAR 13F 自动生成，待人工复核,披露日: 2026-05-15
13F Hedge Funds,Third Point,Q1 2026,2026-03-31,WIX COM LTD,Wix Com Ltd,Exited,-23.4,-100,EDGAR 13F 自动生成，待人工复核,披露日: 2026-05-15
13F Hedge Funds,Third Point,Q1 2026,2026-03-31,CSX CORP,Csx Corp,Exited,-18.1,-100,EDGAR 13F 自动生成，待人工复核,披露日: 2026-05-15
13F Hedge Funds,Third Point,Q1 2026,2026-03-31,KLA CORP,Kla Corp,New Position,16.2,,EDGAR 13F 自动生成，待人工复核,披露日: 2026-05-15
13F Hedge Funds,Third Point,Q1 2026,2026-03-31,LAM RESEARCH CORP,Lam Research Corp,New Position,16.0,,EDGAR 13F 自动生成，待人工复核,披露日: 2026-05-15
13F Hedge Funds,Third Point,Q1 2026,2026-03-31,ASML HLDG NV,Asml Hldg Nv,New Position,15.8,,EDGAR 13F 自动生成，待人工复核,披露日: 2026-05-15
Alternative Assets,Blackstone,Q1 2026,2026-03-31,EQT CORP,Eqt Corp,Reduced,-939.9,-95.9,EDGAR 13F 自动生成，待人工复核,披露日: 2026-05-15
Alternative Assets,Blackstone,Q1 2026,2026-03-31,STATE STR SPDR S&P 500 E,State Str Spdr S&P 500 Etf T,Reduced,-559.5,-27.6,EDGAR 13F 自动生成，待人工复核,披露日: 2026-05-15
Alternative Assets,Blackstone,Q1 2026,2026-03-31,ISHARES TR,Ishares Tr,Reduced,-343.4,-71.1,EDGAR 13F 自动生成，待人工复核,披露日: 2026-05-15
Alternative Assets,Blackstone,Q1 2026,2026-03-31,LEGENCE CORP,Legence Corp,Reduced,319.4,-1.9,EDGAR 13F 自动生成，待人工复核,披露日: 2026-05-15
Alternative Assets,Blackstone,Q1 2026,2026-03-31,TC ENERGY CORP,Tc Energy Corp,Added,277.7,184.9,EDGAR 13F 自动生成，待人工复核,披露日: 2026-05-15
Alternative Assets,Blackstone,Q1 2026,2026-03-31,LOAR HOLDINGS INC,Loar Holdings Inc,Exited,-241.3,-100,EDGAR 13F 自动生成，待人工复核,披露日: 2026-05-15
Alternative Assets,Blackstone,Q1 2026,2026-03-31,CHENIERE ENERGY INC,Cheniere Energy Inc,Reduced,-222.3,-51.6,EDGAR 13F 自动生成，待人工复核,披露日: 2026-05-15
Alternative Assets,Blackstone,Q1 2026,2026-03-31,WILLIAMS COS INC,Williams Cos Inc,Reduced,181.9,-3.2,EDGAR 13F 自动生成，待人工复核,披露日: 2026-05-15
Alternative Assets,Blackstone,Q1 2026,2026-03-31,ENTERPRISE PRODS PARTNER,Enterprise Prods Partners L,Added,181.2,9.6,EDGAR 13F 自动生成，待人工复核,披露日: 2026-05-15
Alternative Assets,Blackstone,Q1 2026,2026-03-31,PLAINS ALL AMERN PIPELIN,Plains All Amern Pipeline L,Added,179.7,41.0,EDGAR 13F 自动生成，待人工复核,披露日: 2026-05-15
Alternative Assets,Blackstone,Q1 2026,2026-03-31,HESS MIDSTREAM LP,Hess Midstream Lp,Added,176.2,113.0,EDGAR 13F 自动生成，待人工复核,披露日: 2026-05-15
Alternative Assets,Blackstone,Q1 2026,2026-03-31,ENERGY TRANSFER L P,Energy Transfer L P,Added,175.6,20.7,EDGAR 13F 自动生成，待人工复核,披露日: 2026-05-15
Alternative Assets,Blackstone,Q1 2026,2026-03-31,VIPER ENERGY INC,Viper Energy Inc,Reduced,-169.7,-90.0,EDGAR 13F 自动生成，待人工复核,披露日: 2026-05-15
Alternative Assets,Blackstone,Q1 2026,2026-03-31,KINETIK HOLDINGS INC,Kinetik Holdings Inc,Added,147.5,0.0,EDGAR 13F 自动生成，待人工复核,披露日: 2026-05-15
Alternative Assets,Blackstone,Q1 2026,2026-03-31,TARGA RES CORP,Targa Res Corp,Reduced,145.7,-10.9,EDGAR 13F 自动生成，待人工复核,披露日: 2026-05-15
Alternative Assets,Blackstone,Q1 2026,2026-03-31,KINDER MORGAN INC DEL,Kinder Morgan Inc Del,Reduced,115.6,-1.9,EDGAR 13F 自动生成，待人工复核,披露日: 2026-05-15
Alternative Assets,Blackstone,Q1 2026,2026-03-31,SUNOCOCORP LLC,Sunococorp Llc,Added,108.8,87.9,EDGAR 13F 自动生成，待人工复核,披露日: 2026-05-15
Alternative Assets,Blackstone,Q1 2026,2026-03-31,INVESCO QQQ TR,Invesco Qqq Tr,Reduced,-94.2,-26.2,EDGAR 13F 自动生成，待人工复核,披露日: 2026-05-15
Alternative Assets,Blackstone,Q1 2026,2026-03-31,PATTERSON-UTI ENERGY INC,Patterson-Uti Energy Inc,Reduced,-94.1,-74.6,EDGAR 13F 自动生成，待人工复核,披露日: 2026-05-15
Alternative Assets,Blackstone,Q1 2026,2026-03-31,DT MIDSTREAM INC,Dt Midstream Inc,Added,94.0,20.2,EDGAR 13F 自动生成，待人工复核,披露日: 2026-05-15
Alternative Assets,Blackstone,Q1 2026,2026-03-31,APPLIED MATLS INC,Applied Matls Inc,New Position,85.0,,EDGAR 13F 自动生成，待人工复核,披露日: 2026-05-15
Alternative Assets,Blackstone,Q1 2026,2026-03-31,MASTEC INC,Mastec Inc,Exited,-79.1,-100,EDGAR 13F 自动生成，待人工复核,披露日: 2026-05-15
Alternative Assets,Blackstone,Q1 2026,2026-03-31,WESTERN MIDSTREAM PARTNE,Western Midstream Partners L,Reduced,-77.7,-21.1,EDGAR 13F 自动生成，待人工复核,披露日: 2026-05-15
Alternative Assets,Blackstone,Q1 2026,2026-03-31,AVALONBAY CMNTYS INC,Avalonbay Cmntys Inc,New Position,76.0,,EDGAR 13F 自动生成，待人工复核,披露日: 2026-05-15
Alternative Assets,Blackstone,Q1 2026,2026-03-31,FLUTTER ENTMT PLC,Flutter Entmt Plc,Exited,-72.0,-100,EDGAR 13F 自动生成，待人工复核,披露日: 2026-05-15
Alternative Assets,Blackstone,Q1 2026,2026-03-31,SUNOCO LP/SUNOCO FIN COR,Sunoco Lp/Sunoco Fin Corp,Reduced,-69.5,-63.3,EDGAR 13F 自动生成，待人工复核,披露日: 2026-05-15
Alternative Assets,Blackstone,Q1 2026,2026-03-31,FORTIVE CORP,Fortive Corp,Exited,-64.6,-100,EDGAR 13F 自动生成，待人工复核,披露日: 2026-05-15
Alternative Assets,Blackstone,Q1 2026,2026-03-31,BAC,Bank of America,Reduced,-58.9,-91.8,EDGAR 13F 自动生成，待人工复核,披露日: 2026-05-15
Alternative Assets,Blackstone,Q1 2026,2026-03-31,AMD,AMD,New Position,56.2,,EDGAR 13F 自动生成，待人工复核,披露日: 2026-05-15
Alternative Assets,Blackstone,Q1 2026,2026-03-31,NATIONAL FUEL GAS CO,National Fuel Gas Co,New Position,55.1,,EDGAR 13F 自动生成，待人工复核,披露日: 2026-05-15
Alternative Assets,Blackstone,Q1 2026,2026-03-31,GRAB HOLDINGS LIMITED,Grab Holdings Limited,New Position,54.9,,EDGAR 13F 自动生成，待人工复核,披露日: 2026-05-15
Alternative Assets,Blackstone,Q1 2026,2026-03-31,ISHARES TR,Ishares Tr,Added,53.8,343.0,EDGAR 13F 自动生成，待人工复核,披露日: 2026-05-15
Alternative Assets,Blackstone,Q1 2026,2026-03-31,ENBRIDGE INC,Enbridge Inc,Reduced,53.7,-5.0,EDGAR 13F 自动生成，待人工复核,披露日: 2026-05-15
Alternative Assets,Blackstone,Q1 2026,2026-03-31,ONEOK INC NEW,Oneok Inc New,Reduced,49.7,-3.1,EDGAR 13F 自动生成，待人工复核,披露日: 2026-05-15
Alternative Assets,Blackstone,Q1 2026,2026-03-31,VANECK ETF TRUST,Vaneck Etf Trust,Exited,-48.7,-100,EDGAR 13F 自动生成，待人工复核,披露日: 2026-05-15
Alternative Assets,Blackstone,Q1 2026,2026-03-31,ARKO PETE CORP,Arko Pete Corp,New Position,47.4,,EDGAR 13F 自动生成，待人工复核,披露日: 2026-05-15
Alternative Assets,Blackstone,Q1 2026,2026-03-31,FINANCE OF AMERICA COMPA,Finance Of America Compan,Exited,-38.6,-100,EDGAR 13F 自动生成，待人工复核,披露日: 2026-05-15
Alternative Assets,Blackstone,Q1 2026,2026-03-31,CYBERARK SOFTWARE LTD,Cyberark Software Ltd,Exited,-38.1,-100,EDGAR 13F 自动生成，待人工复核,披露日: 2026-05-15
Alternative Assets,Blackstone,Q1 2026,2026-03-31,MPLX LP,Mplx Lp,Reduced,37.9,-2.3,EDGAR 13F 自动生成，待人工复核,披露日: 2026-05-15
Alternative Assets,Blackstone,Q1 2026,2026-03-31,TALEN ENERGY CORP,Talen Energy Corp,New Position,37.5,,EDGAR 13F 自动生成，待人工复核,披露日: 2026-05-15
Alternative Assets,Apollo Global Management,Q1 2026,2026-03-31,ASPEN INSURANCE HOLDINGS,Aspen Insurance Holdings Ltd,Exited,-2798.0,-100,EDGAR 13F 自动生成，待人工复核,披露日: 2026-05-15
Alternative Assets,Apollo Global Management,Q1 2026,2026-03-31,ECHOSTAR CORP,Echostar Corp,Reduced,-757.1,-51.2,EDGAR 13F 自动生成，待人工复核,披露日: 2026-05-15
Alternative Assets,Apollo Global Management,Q1 2026,2026-03-31,SPDR S&P 500 ETF TR,Spdr S&P 500 Etf Tr,Exited,-413.2,-100,EDGAR 13F 自动生成，待人工复核,披露日: 2026-05-15
Alternative Assets,Apollo Global Management,Q1 2026,2026-03-31,ISHARES TR,Ishares Tr,Exited,-377.9,-100,EDGAR 13F 自动生成，待人工复核,披露日: 2026-05-15
Alternative Assets,Apollo Global Management,Q1 2026,2026-03-31,VANGUARD INDEX FDS,Vanguard Index Fds,New Position,352.9,,EDGAR 13F 自动生成，待人工复核,披露日: 2026-05-15
Alternative Assets,Apollo Global Management,Q1 2026,2026-03-31,JPM,JPMorgan,New Position,328.0,,EDGAR 13F 自动生成，待人工复核,披露日: 2026-05-15
Alternative Assets,Apollo Global Management,Q1 2026,2026-03-31,ORCL,Oracle,Exited,-292.4,-100,EDGAR 13F 自动生成，待人工复核,披露日: 2026-05-15
Alternative Assets,Apollo Global Management,Q1 2026,2026-03-31,NVDA,Nvidia,Reduced,-121.2,-20.6,EDGAR 13F 自动生成，待人工复核,披露日: 2026-05-15
Alternative Assets,Apollo Global Management,Q1 2026,2026-03-31,ISHARES TR,Ishares Tr,Added,117.2,56.0,EDGAR 13F 自动生成，待人工复核,披露日: 2026-05-15
Alternative Assets,Apollo Global Management,Q1 2026,2026-03-31,TPG INC,Tpg Inc,New Position,102.5,,EDGAR 13F 自动生成，待人工复核,披露日: 2026-05-15
Alternative Assets,Apollo Global Management,Q1 2026,2026-03-31,WELLTOWER INC,Welltower Inc,Exited,-95.5,-100,EDGAR 13F 自动生成，待人工复核,披露日: 2026-05-15
Alternative Assets,Apollo Global Management,Q1 2026,2026-03-31,PROLOGIS INC.,Prologis Inc.,Exited,-77.6,-100,EDGAR 13F 自动生成，待人工复核,披露日: 2026-05-15
Alternative Assets,Apollo Global Management,Q1 2026,2026-03-31,EQUINIX INC,Equinix Inc,Exited,-67.5,-100,EDGAR 13F 自动生成，待人工复核,披露日: 2026-05-15
Alternative Assets,Apollo Global Management,Q1 2026,2026-03-31,COMCAST CORP NEW,Comcast Corp New,Added,57.7,94.0,EDGAR 13F 自动生成，待人工复核,披露日: 2026-05-15
Alternative Assets,Apollo Global Management,Q1 2026,2026-03-31,FIGURE TECHNOLOGY SOLUTI,Figure Technology Solutio,Exited,-49.8,-100,EDGAR 13F 自动生成，待人工复核,披露日: 2026-05-15
Alternative Assets,Apollo Global Management,Q1 2026,2026-03-31,DIGITAL RLTY TR INC,Digital Rlty Tr Inc,Exited,-48.0,-100,EDGAR 13F 自动生成，待人工复核,披露日: 2026-05-15
Alternative Assets,Apollo Global Management,Q1 2026,2026-03-31,ECHOSTAR CORP,Echostar Corp,Reduced,-47.2,-23.5,EDGAR 13F 自动生成，待人工复核,披露日: 2026-05-15
Alternative Assets,Apollo Global Management,Q1 2026,2026-03-31,CHURCHILL DOWNS INC,Churchill Downs Inc,New Position,42.8,,EDGAR 13F 自动生成，待人工复核,披露日: 2026-05-15
Alternative Assets,Apollo Global Management,Q1 2026,2026-03-31,KENNAMETAL INC,Kennametal Inc,Exited,-38.1,-100,EDGAR 13F 自动生成，待人工复核,披露日: 2026-05-15
Alternative Assets,Apollo Global Management,Q1 2026,2026-03-31,ARES MANAGEMENT CORPORAT,Ares Management Corporation,New Position,36.0,,EDGAR 13F 自动生成，待人工复核,披露日: 2026-05-15
Alternative Assets,Apollo Global Management,Q1 2026,2026-03-31,INVITATION HOMES INC,Invitation Homes Inc,Added,33.8,242.2,EDGAR 13F 自动生成，待人工复核,披露日: 2026-05-15
Alternative Assets,Apollo Global Management,Q1 2026,2026-03-31,VICI PPTYS INC,Vici Pptys Inc,Added,30.5,199.1,EDGAR 13F 自动生成，待人工复核,披露日: 2026-05-15
Alternative Assets,Apollo Global Management,Q1 2026,2026-03-31,IAC INC,Iac Inc,Exited,-27.4,-100,EDGAR 13F 自动生成，待人工复核,披露日: 2026-05-15
Alternative Assets,Apollo Global Management,Q1 2026,2026-03-31,OWENS CORNING NEW,Owens Corning New,New Position,26.0,,EDGAR 13F 自动生成，待人工复核,披露日: 2026-05-15
Alternative Assets,Apollo Global Management,Q1 2026,2026-03-31,VANECK ETF TRUST,Vaneck Etf Trust,Reduced,-25.5,-9.1,EDGAR 13F 自动生成，待人工复核,披露日: 2026-05-15
Alternative Assets,Apollo Global Management,Q1 2026,2026-03-31,MOHAWK INDS INC,Mohawk Inds Inc,New Position,23.8,,EDGAR 13F 自动生成，待人工复核,披露日: 2026-05-15
Alternative Assets,Apollo Global Management,Q1 2026,2026-03-31,BUILDERS FIRSTSOURCE INC,Builders Firstsource Inc,New Position,23.7,,EDGAR 13F 自动生成，待人工复核,披露日: 2026-05-15
Alternative Assets,Apollo Global Management,Q1 2026,2026-03-31,CARMAX INC,Carmax Inc,Reduced,-22.7,-17.9,EDGAR 13F 自动生成，待人工复核,披露日: 2026-05-15
Alternative Assets,Apollo Global Management,Q1 2026,2026-03-31,JAMES HARDIE INDS PLC,James Hardie Inds Plc,New Position,22.3,,EDGAR 13F 自动生成，待人工复核,披露日: 2026-05-15
Alternative Assets,Apollo Global Management,Q1 2026,2026-03-31,MASTERBRAND INC,Masterbrand Inc,New Position,21.9,,EDGAR 13F 自动生成，待人工复核,披露日: 2026-05-15
Alternative Assets,Apollo Global Management,Q1 2026,2026-03-31,UNITI GROUP LLC,Uniti Group Llc,Reduced,19.7,-3.4,EDGAR 13F 自动生成，待人工复核,披露日: 2026-05-15
Alternative Assets,Apollo Global Management,Q1 2026,2026-03-31,WOLFSPEED INC,Wolfspeed Inc,Exited,-15.0,-100,EDGAR 13F 自动生成，待人工复核,披露日: 2026-05-15
Alternative Assets,Apollo Global Management,Q1 2026,2026-03-31,VENTURE GLOBAL INC,Venture Global Inc,Exited,-14.7,-100,EDGAR 13F 自动生成，待人工复核,披露日: 2026-05-15
Alternative Assets,Apollo Global Management,Q1 2026,2026-03-31,STUBHUB HLDGS INC,Stubhub Hldgs Inc,Exited,-13.6,-100,EDGAR 13F 自动生成，待人工复核,披露日: 2026-05-15
Alternative Assets,Apollo Global Management,Q1 2026,2026-03-31,SSGA ACTIVE TR,Ssga Active Tr,New Position,10.9,,EDGAR 13F 自动生成，待人工复核,披露日: 2026-05-15
Alternative Assets,Apollo Global Management,Q1 2026,2026-03-31,REXFORD INDL RLTY INC,Rexford Indl Rlty Inc,Exited,-9.0,-100,EDGAR 13F 自动生成，待人工复核,披露日: 2026-05-15
Alternative Assets,Apollo Global Management,Q1 2026,2026-03-31,VORNADO RLTY TR,Vornado Rlty Tr,Exited,-8.9,-100,EDGAR 13F 自动生成，待人工复核,披露日: 2026-05-15
Alternative Assets,Apollo Global Management,Q1 2026,2026-03-31,HEALTHPEAK PROPERTIES IN,Healthpeak Properties Inc,Exited,-8.7,-100,EDGAR 13F 自动生成，待人工复核,披露日: 2026-05-15
Alternative Assets,Apollo Global Management,Q1 2026,2026-03-31,FUBOTV INC,Fubotv Inc,Exited,-8.3,-100,EDGAR 13F 自动生成，待人工复核,披露日: 2026-05-15
Alternative Assets,Apollo Global Management,Q1 2026,2026-03-31,AMERICAN HOMES 4 RENT,American Homes 4 Rent,Added,8.2,69.0,EDGAR 13F 自动生成，待人工复核,披露日: 2026-05-15
AI Core Holdings,Alphabet,Q1 2026,2026-03-31,CME GROUP INC,Cme Group Inc,New Position,1029.0,,EDGAR 13F 自动生成，待人工复核,披露日: 2026-05-08
AI Core Holdings,Alphabet,Q1 2026,2026-03-31,PLANET LABS PBC,Planet Labs Pbc,Added,355.3,10.4,EDGAR 13F 自动生成，待人工复核,披露日: 2026-05-08
AI Core Holdings,Alphabet,Q1 2026,2026-03-31,DEXCOM INC,Dexcom Inc,Exited,-68.8,-100,EDGAR 13F 自动生成，待人工复核,披露日: 2026-05-08
AI Core Holdings,Alphabet,Q1 2026,2026-03-31,PAYPAY CORP,Paypay Corp,New Position,66.7,,EDGAR 13F 自动生成，待人工复核,披露日: 2026-05-08
AI Core Holdings,Alphabet,Q1 2026,2026-03-31,REVOLUTION MEDICINES INC,Revolution Medicines Inc,Reduced,53.8,-1.6,EDGAR 13F 自动生成，待人工复核,披露日: 2026-05-08
AI Core Holdings,Alphabet,Q1 2026,2026-03-31,ETHOS TECHNOLOGIES INC,Ethos Technologies Inc,New Position,42.1,,EDGAR 13F 自动生成，待人工复核,披露日: 2026-05-08
AI Core Holdings,Alphabet,Q1 2026,2026-03-31,GENEDX HOLDINGS CORP,Genedx Holdings Corp,Exited,-3.0,-100,EDGAR 13F 自动生成，待人工复核,披露日: 2026-05-08
AI Core Holdings,Alphabet,Q1 2026,2026-03-31,EXACT SCIENCES CORP,Exact Sciences Corp,Exited,-2.4,-100,EDGAR 13F 自动生成，待人工复核,披露日: 2026-05-08
AI Core Holdings,Alphabet,Q1 2026,2026-03-31,RELAY THERAPEUTICS INC,Relay Therapeutics Inc,Reduced,2.3,-0.3,EDGAR 13F 自动生成，待人工复核,披露日: 2026-05-08
AI Core Holdings,Alphabet,Q1 2026,2026-03-31,QUINCE THERAPEUTICS INC,Quince Therapeutics Inc,Exited,-0.6,-100,EDGAR 13F 自动生成，待人工复核,披露日: 2026-05-08
AI Core Holdings,Alphabet,Q1 2026,2026-03-31,MONTE ROSA THERAPEUTICS ,Monte Rosa Therapeutics Inc,Reduced,-0.4,-8.1,EDGAR 13F 自动生成，待人工复核,披露日: 2026-05-08
AI Core Holdings,Alphabet,Q1 2026,2026-03-31,FULCRUM THERAPEUTICS INC,Fulcrum Therapeutics Inc,Exited,-0.2,-100,EDGAR 13F 自动生成，待人工复核,披露日: 2026-05-08
AI Core Holdings,Alphabet,Q1 2026,2026-03-31,REPLIGEN CORP,Repligen Corp,Exited,-0.1,-100,EDGAR 13F 自动生成，待人工复核,披露日: 2026-05-08
AI Core Holdings,NVIDIA,Q1 2026,2026-03-31,COREWEAVE INC,Coreweave Inc,Added,1919.1,94.5,EDGAR 13F 自动生成，待人工复核,披露日: 2026-05-15
AI Core Holdings,NVIDIA,Q1 2026,2026-03-31,COHERENT CORP,Coherent Corp,New Position,1855.2,,EDGAR 13F 自动生成，待人工复核,披露日: 2026-05-15
AI Core Holdings,NVIDIA,Q1 2026,2026-03-31,GENERATE BIOMEDICINES IN,Generate Biomedicines Inc,New Position,10.4,,EDGAR 13F 自动生成，待人工复核,披露日: 2026-05-15
